Workbook

Sheet Nueva EPS (2)
A1: PROGRAMA | B1: TIPO INDICADOR | C1: NOMBRE INDICADOR | D1: NUMERADOR | E1: DENOMINADOR | F1: POBLACION CORTE 31/12/2025 | G1: ESTIMACION | H1: META AÑO 2026 | I1: LINEA BASE 2025 | J1: ENERO | K1: FEBRERO | L1: MARZO | M1: ABRIL | N1: MAYO | O1: JUNIO | P1: JULIO | Q1: AGOSTO | R1: SEPTIEMBRE | S1: OCTUBRE | T1: NOVIEMBRE | U1: DICIEMBRE | V1: ACUMULADO ACTIVIDADES | W1: % EJECUCION | X1: POBLACION REPORTADA POR LA EPS
A2: DT cervix | B2: COBERTURA CCU | C2: Proporción de mujeres entre 25 y 29 años tamizadas para cáncer de cuello uterino con citologia cervico uterina. | D2: # Mujeres de 25 a 29 años, con toma de citologia cervico uterina en el periodo evaluado. | E2: Total de mujeres entre 25 y 29 años afiliadas a la EAPB en el municipio | F2: 3208 | G2: 0.33 | H2: =F2*0.33 -> 1058.64 | I2: 73,51% | J2: 83 | K2: 79 | L2: 70 | M2: 87 | V2: =SUM(J2:U2) -> 319 | W2: =V2/H2 -> 0.30133001 | X2: 3117
A3: DT cervix | B3: POSITIVIDAD CCU | C3: Proporción de citologias anormales en mujeres de 25 a 65 años en el periodo evaluado. | D3: # Mujeres de 25 a 65 años con citologia cervico uterina anormal o citologia de triage anormal en el periodo evaluado. | E3: Total de mujeres tamizadas con citologia cervico uterina o citologia de triage en el periodo evaluado. | F3: N/A | G3: 1 | H3: 1 | J3: 3 | K3: 6 | L3: 3 | M3: 11 | V3: =SUM(J3:U3) -> 23 | W3: =V3/V2 -> 0.072100313
A4: DT cervix | B4: COBERTURA ADN VPH | C4: Proporción de mujeres entre 30 y 65 años tamizadas para cáncer de cuello uterino con ADN-VPH, según esquema en el periodo evaluado. | D4: # Mujeres de 30 a 65 años tamizadas con ADN VPH. | E4: Total de mujeres entre 30 y 65 años afiliadas a la EAPB en el municipio | F4: 18802 | G4: 0.2 | H4: =F4*0.2 -> 3760.4 | I4: 8,03% | J4: 23 | K4: 22 | L4: 61 | M4: 56 | V4: =SUM(J4:U4) -> 162 | W4: =V4/H4 -> 0.043080523
A5: DT cervix | B5: POSITIVIDAD ADN VPH | C5: Proporción de ADN VPH Positivo en el periodo evaluado | D5: Número de mujeres entre 30 y 65 años con resultado positivo para ADN-VPH durante el período de medición. | E5: Total de mujeres entre 30 y 65 años con resultado de ADN -VPH durante el periodo en revision | F5: N/A | G5: 1 | H5: 1 | J5: 7 | K5: 10 | L5: 12 | M5: 13 | V5: =SUM(J5:U5) -> 42 | W5: =V5/V4 -> 0.25925926
A6: DT cervix | B6: COBERTURA COLPOSCOPIA Y BIOPSIA | C6: Proporción de mujeres con citología anormal o citología de triage anormal a quienes se realizó colposcopia y biopsia | D6: Número de mujeres con resultado colposcopia y biopsia cervical, durante el período de medición. | E6: Total de mujeres con citología anormal o citología de triage anormal durante el mismo período de medición, requerían colposcopia y biopsia. | F6: N/A | G6: 1 | H6: 1 | J6: 1 | K6: 4 | L6: 4 | M6: 8 | V6: =SUM(J6:U6) -> 17 | W6: =V6/V3 -> 0.73913043
A7: DT mama | B7: COBERTURA EXAMEN CLINICO DE LA MAMA | C7: Proporción de mujeres entre 40 y 69 años tamizadas con examen clínico de la mama en el periodo evaluado | D7: Número de mujeres entre 40 y 69 años a quienes se les realizó examen clínico de la mama en el periodo evaluado. | E7: Total de mujeres entre 40 y 69 años afiliadas a la EAPB en el municipio | F7: 14827 | G7: 1 | H7: =F7*1 -> 14827 | J7: 451 | K7: 506 | L7: 661 | M7: 499 | V7: =SUM(J7:U7) -> 2117 | W7: =V7/H7 -> 0.14278006 | X7: 15344
A8: DT mama | B8: COBERTURA MAMOGRAFIA | C8: Proporción de mujeres entre 50 y 69 años tamizadas para cáncer de mama con mamografía en el periodo evaluado. | D8: Número de mujeres entre 50 y 69 años a quienes se les realizó toma de mamografia. | E8: Total de mujeres entre 50 y 69 años afiliadas a la EAPB en el municipio | F8: 9972 | G8: 0.5 | H8: =F8*0.5 -> 4986 | I8: 54,68% | J8: 239 | K8: 308 | L8: 285 | M8: 265 | V8: =SUM(J8:U8) -> 1097 | W8: =V8/H8 -> 0.22001604 | X8: 10418
A9: DT mama | B9: POSITIVIDAD MAMOGRAFIA | C9: Proporción de mujeres entre 50 y 69 años tamizadas para cáncer de mama con reporte anormal de mamografía en el periodo evaluado. | D9: Número de mujeres entre 50 y 69 años con resultado de mamografia BI-RADS 4 o más | E9: Total de mujeres entre 50 y 69 años con toma de mamografia | F9: N/A | G9: 1 | H9: 1 | J9: 0 | K9: 1 | L9: 0 | M9: 0 | V9: =SUM(J9:U9) -> 1 | W9: =V9/V8 -> 0.00091157703
A10: DT mama | B10: COBERTURA BIOPSIA DE MAMA | C10: Proporción de mujeres con resultados de Biopsia de mama. | D10: Número de mujeres con mamografía reportada como BI-RADS 4, o más quienes se les realizó biopsia, durante el período evaluado. | E10: Total de mujeres con mamografía clasificada como BI-RADS 4 o superior, que requerían biopsia diagnóstica, durante el mismo período de medición. | F10: N/A | G10: 1 | H10: 1 | J10: 0 | K10: 1 | L10: 0 | M10: 0 | V10: =SUM(J10:U10) -> 1 | W10: =V10/V8 -> 0.00091157703
A11: DT Prostata | B11: COBERTURA TACTO RECTAL | C11: Proporción de hombres entre 50 y 75 años con tacto rectal | D11: Número de hombres entre 50 y 75 años a quienes se les realizó tacto rectal durante el período de medición | E11: Total de hombres entre 50 y 75 años afiliados a la EAPB en el municipio | F11: 9593 | G11: 0.2 | H11: =F11*0.2 -> 1918.6 | I11: 52,62% | J11: 394 | K11: 396 | L11: 368 | M11: 231 | V11: =SUM(J11:U11) -> 1389 | W11: =V11/H11 -> 0.72396539 | X11: 10170
A12: DT Prostata | B12: COBERTURA PSA | C12: Proporción de hombres entre 50 y 75 años tamizados con PSA | D12: Número de hombres entre 50 y 75 años a quienes se les realizó PSA durante el período de medición | E12: Total de hombres entre 50 y 75 años afiliados a la EAPB en el municipio | F12: 9593 | G12: 0.2 | H12: =F12*0.2 -> 1918.6 | I12: 43,27% | J12: 267 | K12: 509 | L12: 453 | M12: 470 | V12: =SUM(J12:U12) -> 1699 | W12: =V12/H12 -> 0.88554154
A13: DT Prostata | B13: COBERTURA (PSA Y TACTO RECTAL) | C13: Proporción de hombres mayores de 50 años con tamizaje combinado para cáncer de próstata (PSA y Tacto Rectal) | D13: Número de hombres entre 50 y 75 años a quienes se les realizó tamizaje combinado (PSA y tacto rectal) durante el período de medición | E13: Total de hombres entre 50 y 75 años afiliados a la EAPB en el municipio | F13: 9593 | G13: 0.2 | H13: =F13*0.2 -> 1918.6 | I13: 30,09% | J13: 116 | K13: 116 | L13: 116 | M13: 119 | V13: =SUM(J13:U13) -> 467 | W13: =V13/H13 -> 0.24340665
A14: DT Prostata | B14: POSITIVIDAD CANCER DE PROSTATA | C14: Proporción de hombres mayores de 50 años con tamizacion de cancer de prostata resultado anormal | D14: Numero de hombres con resultado anormal de tamizacion para cancer de prostata en el periodo evaluado. | E14: Total de hombres con alguna prueba de tamizacion para cáncer de prostata | F14: N/A | G14: 1 | H14: 1 | J14: 33 | K14: 63 | L14: 37 | M14: 62 | V14: =SUM(J14:U14) -> 195 | W14: =V14/V13 -> 0.41755889
A15: DT Prostata | B15: COBERTURA BIOPSIA DE PROSTATA | C15: Proporción de hombres con pruebas de tamizaje anormal a quienes se les realizó biopsia de próstata | D15: Número de hombres con resultado anormal en pruebas de tamizaje para cáncer de próstata (PSA o tacto rectal) a quienes se les realizó biopsia de próstata durante el período de medición | E15: Total de hombres con resultado anormal en pruebas de tamizaje para cáncer de próstata durante el mismo período de medición, que según criterio clínico requerían biopsia prostática | F15: N/A | G15: 1 | H15: 1 | J15: SD | K15: SD | L15: SD | M15: SD | V15: =SUM(J15:U15) -> 0 | W15: =V15/V14 -> 0
A16: DT Colon y Recto | B16: COBERTURA TAMIZACION SANGRE OCULTA EN HECES | C16: Proporción de personas entre 50 y 75 años tamizadas para cáncer de colon y recto (sangre oculta en materia fecal con inmunoquímica) | D16: Número de personas entre 50 y 75 años a quienes se les realizó prueba de sangre oculta en materia fecal por método inmunoquímico. | E16: Total de personas entre 50 y 75 años en el municipio | F16: 21667 | G16: 0.5 | H16: =F16*0.5 -> 10833.5 | I16: 46,69% | J16: 389 | K16: 624 | L16: 883 | M16: 592 | V16: =SUM(J16:U16) -> 2488 | W16: =V16/H16 -> 0.22965801
A17: DT Colon y Recto | B17: POSITIVIDAD SANGRE OCULTA EN HECES | C17: Proporción de personas con pruebas anormal de sangre oculta en heces. | D17: Total de personas entre 50 y 75 años con tamizaje resultado positivo de sangre oculta. | E17: Total de personas entre 50 y 75 años con tamizaje de sangre oculta en heces | F17: N/A | G17: 1 | H17: 1 | J17: 14 | K17: 34 | L17: 37 | M17: 30 | V17: =SUM(J17:U17) -> 115 | W17: =V17/V16 -> 0.046221865
A18: DT Colon y Recto | B18: COBERTURA COLONOSCOPIA | C18: Proporción de personas mayores de 50 años con test de sangre oculta en materia fecal positivos a los que se les realizó colonoscopia | D18: Número de personas de 50 años o más con resultado positivo en la prueba de sangre oculta en materia fecal a quienes se les realizó colonoscopia diagnóstica posterior al resultado positivo, durante el período de medición | E18: Total de personas de 50 años o más con resultado positivo en la prueba de sangre oculta en materia fecal durante el mismo período de medición, que requerían colonoscopia diagnóstica según el lineamiento técnico | F18: N/A | G18: 1 | H18: 1 | J18: 0 | K18: 0 | L18: 0 | M18: 0 | V18: =SUM(J18:U18) -> 0 | W18: =V18/V17 -> 0
A21: Seguimiento
A22: 46129 | B22: Paola Gallo
A23: No se dispone de Indicadores del mes de marzo
A24: Validar los resultados de ADN VPH para identificar usuarias para CCU y Colposcopia
A25: 1 caso Birad 5 . CC 23770324 biopsia de mama 03/03//2026 en manejo con Centro Cancerologico de Boyaca
A26: Verificar de los resultados positivos de PSA , si se realizo biopsia
A27: no se tiene realizacion de colonoscopia, ante resultados de SOMF positivos
A29: 22//05/2026 | B29: Se hace seguimiento a indicadores mediante mesa RIAS , se ingresa la ifnormacion del mes de abril, se actualizia informacion recuperada del I triemestre , no se cuenta con informacion de pruebas confirmatorias, lo que esta generando las alertas y se deja compromiso para la EPS | K29: =23/17 -> 1.3529412

Sheet Nueva EPS
A1: PROGRAMA | B1: TIPO INDICADOR | C1: NOMBRE INDICADOR | D1: NUMERADOR | E1: DENOMINADOR | F1: POBLACION CORTE 31/12/2025 | G1: ESTIMACION | H1: META AÑO 2026 | I1: LINEA BASE 2025 | J1: ENERO | K1: FEBRERO | L1: MARZO | M1: ABRIL | N1: MAYO | O1: JUNIO | P1: JULIO | Q1: AGOSTO | R1: SEPTIEMBRE | S1: OCTUBRE | T1: NOVIEMBRE | U1: DICIEMBRE | V1: ACUMULADO ACTIVIDADES | W1: % EJECUCION | X1: POBLACION REPORTADA POR LA EPS
A2: DT cervix | B2: COBERTURA CCU | C2: Proporción de mujeres entre 25 y 29 años tamizadas para cáncer de cuello uterino con citologia cervico uterina. | D2: # Mujeres de 25 a 29 años, con toma de citologia cervico uterina en el periodo evaluado. | E2: Total de mujeres entre 25 y 29 años afiliadas a la EAPB en el municipio | F2: 3208 | G2: 0.33 | H2: =F2*0.33 -> 1058.64 | I2: 73,51% | J2: 77 | K2: 70 | L2: 2081 | V2: =SUM(J2:U2) -> 2228 | W2: =V2/H2 -> 2.104587 | X2: 3117
A3: DT cervix | B3: POSITIVIDAD CCU | C3: Proporción de citologias anormales en mujeres de 25 a 65 años en el periodo evaluado. | D3: # Mujeres de 25 a 65 años con citologia cervico uterina anormal o citologia de triage anormal en el periodo evaluado. | E3: Total de mujeres tamizadas con citologia cervico uterina o citologia de triage en el periodo evaluado. | F3: N/A | G3: 1 | H3: 1 | J3: 1 | K3: 2 | L3: 2 | V3: =SUM(J3:U3) -> 5 | W3: =V3/V2 -> 0.0022441652
A4: DT cervix | B4: COBERTURA ADN VPH | C4: Proporción de mujeres entre 30 y 65 años tamizadas para cáncer de cuello uterino con ADN-VPH, según esquema en el periodo evaluado. | D4: # Mujeres de 30 a 65 años tamizadas con ADN VPH. | E4: Total de mujeres entre 30 y 65 años afiliadas a la EAPB en el municipio | F4: 18802 | G4: 0.2 | H4: =F4*0.2 -> 3760.4 | I4: 8,03% | J4: 20 | K4: 22 | L4: 66 | V4: =SUM(J4:U4) -> 108 | W4: =V4/H4 -> 0.028720349
A5: DT cervix | B5: POSITIVIDAD ADN VPH | C5: Proporción de ADN VPH Positivo en el periodo evaluado | D5: Número de mujeres entre 30 y 65 años con resultado positivo para ADN-VPH durante el período de medición. | E5: Total de mujeres entre 30 y 65 años con resultado de ADN -VPH durante el periodo en revision | F5: N/A | G5: 1 | H5: 1 | J5: 7 | K5: 10 | V5: =SUM(J5:U5) -> 17 | W5: =V5/V4 -> 0.15740741
A6: DT cervix | B6: COBERTURA COLPOSCOPIA Y BIOPSIA | C6: Proporción de mujeres con citología anormal o citología de triage anormal a quienes se realizó colposcopia y biopsia | D6: Número de mujeres con resultado colposcopia y biopsia cervical, durante el período de medición. | E6: Total de mujeres con citología anormal o citología de triage anormal durante el mismo período de medición, requerían colposcopia y biopsia. | F6: N/A | G6: 1 | H6: 1 | J6: 1 | K6: 2 | L6: 2 | V6: =SUM(J6:U6) -> 5 | W6: =V6/V3 -> 1
A7: DT mama | B7: COBERTURA EXAMEN CLINICO DE LA MAMA | C7: Proporción de mujeres entre 40 y 69 años tamizadas con examen clínico de la mama en el periodo evaluado | D7: Número de mujeres entre 40 y 69 años a quienes se les realizó examen clínico de la mama en el periodo evaluado. | E7: Total de mujeres entre 40 y 69 años afiliadas a la EAPB en el municipio | F7: 14827 | G7: 1 | H7: =F7*1 -> 14827 | J7: 451 | K7: 501 | V7: =SUM(J7:U7) -> 952 | W7: =V7/H7 -> 0.06420719 | X7: 15344
A8: DT mama | B8: COBERTURA MAMOGRAFIA | C8: Proporción de mujeres entre 50 y 69 años tamizadas para cáncer de mama con mamografía en el periodo evaluado. | D8: Número de mujeres entre 50 y 69 años a quienes se les realizó toma de mamografia. | E8: Total de mujeres entre 50 y 69 años afiliadas a la EAPB en el municipio | F8: 9972 | G8: 0.5 | H8: =F8*0.5 -> 4986 | I8: 54,68% | J8: 235 | K8: 304 | V8: =SUM(J8:U8) -> 539 | W8: =V8/H8 -> 0.10810269 | X8: 10418
A9: DT mama | B9: POSITIVIDAD MAMOGRAFIA | C9: Proporción de mujeres entre 50 y 69 años tamizadas para cáncer de mama con reporte anormal de mamografía en el periodo evaluado. | D9: Número de mujeres entre 50 y 69 años con resultado de mamografia BI-RADS 4 o más | E9: Total de mujeres entre 50 y 69 años con toma de mamografia | F9: N/A | G9: 1 | H9: 1 | J9: 0 | K9: 1 | V9: =SUM(J9:U9) -> 1 | W9: =V9/V8 -> 0.0018552876
A10: DT mama | B10: COBERTURA BIOPSIA DE MAMA | C10: Proporción de mujeres con resultados de Biopsia de mama. | D10: Número de mujeres con mamografía reportada como BI-RADS 4, o más quienes se les realizó biopsia, durante el período evaluado. | E10: Total de mujeres con mamografía clasificada como BI-RADS 4 o superior, que requerían biopsia diagnóstica, durante el mismo período de medición. | F10: N/A | G10: 1 | H10: 1 | J10: 0 | K10: 1 | V10: =SUM(J10:U10) -> 1 | W10: =V10/V8 -> 0.0018552876
A11: DT Prostata | B11: COBERTURA TACTO RECTAL | C11: Proporción de hombres entre 50 y 75 años con tacto rectal | D11: Número de hombres entre 50 y 75 años a quienes se les realizó tacto rectal durante el período de medición | E11: Total de hombres entre 50 y 75 años afiliados a la EAPB en el municipio | F11: 9593 | G11: 0.2 | H11: =F11*0.2 -> 1918.6 | I11: 52,62% | J11: 81 | K11: 115 | V11: =SUM(J11:U11) -> 196 | W11: =V11/H11 -> 0.10215782 | X11: 10170
A12: DT Prostata | B12: COBERTURA PSA | C12: Proporción de hombres entre 50 y 75 años tamizados con PSA | D12: Número de hombres entre 50 y 75 años a quienes se les realizó PSA durante el período de medición | E12: Total de hombres entre 50 y 75 años afiliados a la EAPB en el municipio | F12: 9593 | G12: 0.2 | H12: =F12*0.2 -> 1918.6 | I12: 43,27% | J12: 62 | K12: 96 | V12: =SUM(J12:U12) -> 158 | W12: =V12/H12 -> 0.082351715
A13: DT Prostata | B13: COBERTURA (PSA Y TACTO RECTAL) | C13: Proporción de hombres mayores de 50 años con tamizaje combinado para cáncer de próstata (PSA y Tacto Rectal) | D13: Número de hombres entre 50 y 75 años a quienes se les realizó tamizaje combinado (PSA y tacto rectal) durante el período de medición | E13: Total de hombres entre 50 y 75 años afiliados a la EAPB en el municipio | F13: 9593 | G13: 0.2 | H13: =F13*0.2 -> 1918.6 | I13: 30,09% | J13: 62 | K13: 96 | V13: =SUM(J13:U13) -> 158 | W13: =V13/H13 -> 0.082351715
A14: DT Prostata | B14: POSITIVIDAD CANCER DE PROSTATA | C14: Proporción de hombres mayores de 50 años con tamizacion de cancer de prostata resultado anormal | D14: Numero de hombres con resultado anormal de tamizacion para cancer de prostata en el periodo evaluado. | E14: Total de hombres con alguna prueba de tamizacion para cáncer de prostata | F14: N/A | G14: 1 | H14: 1 | J14: 6 | K14: 11 | V14: =SUM(J14:U14) -> 17 | W14: =V14/V13 -> 0.10759494
A15: DT Prostata | B15: COBERTURA BIOPSIA DE PROSTATA | C15: Proporción de hombres con pruebas de tamizaje anormal a quienes se les realizó biopsia de próstata | D15: Número de hombres con resultado anormal en pruebas de tamizaje para cáncer de próstata (PSA o tacto rectal) a quienes se les realizó biopsia de próstata durante el período de medición | E15: Total de hombres con resultado anormal en pruebas de tamizaje para cáncer de próstata durante el mismo período de medición, que según criterio clínico requerían biopsia prostática | F15: N/A | G15: 1 | H15: 1 | J15: SD | K15: SD | V15: =SUM(J15:U15) -> 0 | W15: =V15/V14 -> 0
A16: DT Colon y Recto | B16: COBERTURA TAMIZACION SANGRE OCULTA EN HECES | C16: Proporción de personas entre 50 y 75 años tamizadas para cáncer de colon y recto (sangre oculta en materia fecal con inmunoquímica) | D16: Número de personas entre 50 y 75 años a quienes se les realizó prueba de sangre oculta en materia fecal por método inmunoquímico. | E16: Total de personas entre 50 y 75 años en el municipio | F16: 21667 | G16: 0.5 | H16: =F16*0.5 -> 10833.5 | I16: 46,69% | J16: 381 | K16: 613 | V16: =SUM(J16:U16) -> 994 | W16: =V16/H16 -> 0.091752435
A17: DT Colon y Recto | B17: POSITIVIDAD SANGRE OCULTA EN HECES | C17: Proporción de personas con pruebas anormal de sangre oculta en heces. | D17: Total de personas entre 50 y 75 años con tamizaje resultado positivo de sangre oculta. | E17: Total de personas entre 50 y 75 años con tamizaje de sangre oculta en heces | F17: N/A | G17: 1 | H17: 1 | J17: 14 | K17: 34 | V17: =SUM(J17:U17) -> 48 | W17: =V17/V16 -> 0.048289738
A18: DT Colon y Recto | B18: COBERTURA COLONOSCOPIA | C18: Proporción de personas mayores de 50 años con test de sangre oculta en materia fecal positivos a los que se les realizó colonoscopia | D18: Número de personas de 50 años o más con resultado positivo en la prueba de sangre oculta en materia fecal a quienes se les realizó colonoscopia diagnóstica posterior al resultado positivo, durante el período de medición | E18: Total de personas de 50 años o más con resultado positivo en la prueba de sangre oculta en materia fecal durante el mismo período de medición, que requerían colonoscopia diagnóstica según el lineamiento técnico | F18: N/A | G18: 1 | H18: 1 | J18: 0 | K18: 0 | V18: =SUM(J18:U18) -> 0 | W18: =V18/V17 -> 0
A21: Seguimiento
A22: 46129 | B22: Paola Gallo
A23: No se dispone de Indicadores del mes de marzo
A24: Validar los resultados de ADN VPH para identificar usuarias para CCU y Colposcopia
A25: 1 caso Birad 5 . CC 23770324 biopsia de mama 03/03//2026 en manejo con Centro Cancerologico de Boyaca
A26: Verificar de los resultados positivos de PSA , si se realizo biopsia
A27: no se tiene realizacion de colonoscopia, ante resultados de SOMF positivos

Sheet Sanitas
A1: PROGRAMA | B1: TIPO INDICADOR | C1: NOMBRE INDICADOR | D1: NUMERADOR | E1: DENOMINADOR | F1: POBLACION CORTE 31/12/2025 | G1: ESTIMACION | H1: META AÑO 2026 | I1: LINEA BASE 2025 | J1: ENERO | K1: FEBRERO | L1: MARZO | M1: ABRIL | N1: MAYO | O1: JUNIO | P1: JULIO | Q1: AGOSTO | R1: SEPTIEMBRE | S1: OCTUBRE | T1: NOVIEMBRE | U1: DICIEMBRE | V1: ACUMULADO ACTIVIDADES | W1: % EJECUCION
A2: DT cervix | B2: COBERTURA CCU | C2: Proporción de mujeres entre 25 y 29 años tamizadas para cáncer de cuello uterino con citologia cervico uterina. | D2: # Mujeres de 25 a 29 años, con toma de citologia cervico uterina en el periodo evaluado. | E2: Total de mujeres entre 25 y 29 años afiliadas a la EAPB en el municipio | F2: 1280 | G2: 0.33 | H2: =F2*0.33 -> 422.4 | J2: 142 | K2: 138 | L2: 175 | V2: =SUM(J2:U2) -> 455 | W2: =V2/H2 -> 1.077178
A3: DT cervix | B3: POSITIVIDAD CCU | C3: Proporción de citologias anormales en mujeres de 25 a 65 años en el periodo evaluado. | D3: # Mujeres de 25 a 65 años con citologia cervico uterina anormal o citologia de triage anormal en el periodo evaluado. | E3: Total de mujeres tamizadas con citologia cervico uterina o citologia de triage en el periodo evaluado. | F3: N/A | G3: 1 | H3: 1 | J3: 0 | K3: 0 | L3: 3 | V3: =SUM(J3:U3) -> 3 | W3: =V3/V2 -> 0.0065934066
A4: DT cervix | B4: COBERTURA ADN VPH | C4: Proporción de mujeres entre 30 y 65 años tamizadas para cáncer de cuello uterino con ADN-VPH, según esquema en el periodo evaluado. | D4: # Mujeres de 30 a 65 años tamizadas con ADN VPH. | E4: Total de mujeres entre 30 y 65 años afiliadas a la EAPB en el municipio | F4: 9805 | G4: 0.2 | H4: =F4*0.2 -> 1961 | I4: 12,47% | J4: 5 | K4: 0 | L4: 1 | V4: =SUM(J4:U4) -> 6 | W4: =V4/H4 -> 0.0030596634 | X4: 9990
A5: DT cervix | B5: POSITIVIDAD ADN VPH | C5: Proporción de ADN VPH Positivo en el periodo evaluado | D5: Número de mujeres entre 30 y 65 años con resultado positivo para ADN-VPH durante el período de medición. | E5: Total de mujeres entre 30 y 65 años con resultado de ADN -VPH durante el periodo en revision | F5: N/A | G5: 1 | H5: 1 | J5: 0 | K5: 0 | L5: 0 | V5: =SUM(J5:U5) -> 0 | W5: =V5/V4 -> 0
A6: DT cervix | B6: COBERTURA COLPOSCOPIA Y BIOPSIA | C6: Proporción de mujeres con citología anormal o citología de triage anormal a quienes se realizó colposcopia y biopsia | D6: Número de mujeres con resultado colposcopia y biopsia cervical, durante el período de medición. | E6: Total de mujeres con citología anormal o citología de triage anormal durante el mismo período de medición, requerían colposcopia y biopsia. | F6: N/A | G6: 1 | H6: 1 | J6: 0 | K6: 0 | L6: SD | V6: =SUM(J6:U6) -> 0 | W6: =V6/V3 -> 0
A7: DT mama | B7: COBERTURA EXAMEN CLINICO DE LA MAMA | C7: Proporción de mujeres entre 40 y 69 años tamizadas con examen clínico de la mama en el periodo evaluado | D7: Número de mujeres entre 40 y 69 años a quienes se les realizó examen clínico de la mama en el periodo evaluado. | E7: Total de mujeres entre 40 y 69 años afiliadas a la EAPB en el municipio | F7: 7151 | G7: 1 | H7: =F7*1 -> 7151 | J7: 16 | K7: 11 | L7: 8 | V7: =SUM(J7:U7) -> 35 | W7: =V7/H7 -> 0.0048944204
A8: DT mama | B8: COBERTURA MAMOGRAFIA | C8: Proporción de mujeres entre 50 y 69 años tamizadas para cáncer de mama con mamografía en el periodo evaluado. | D8: Número de mujeres entre 50 y 69 años a quienes se les realizó toma de mamografia. | E8: Total de mujeres entre 50 y 69 años afiliadas a la EAPB en el municipio | F8: 3910 | G8: 0.5 | H8: =F8*0.5 -> 1955 | I8: 58,59% | J8: 74 | K8: 78 | L8: 128 | V8: =SUM(J8:U8) -> 280 | W8: =V8/H8 -> 0.14322251
A9: DT mama | B9: POSITIVIDAD MAMOGRAFIA | C9: Proporción de mujeres entre 50 y 69 años tamizadas para cáncer de mama con reporte anormal de mamografía en el periodo evaluado. | D9: Número de mujeres entre 50 y 69 años con resultado de mamografia BI-RADS 4 o más | E9: Total de mujeres entre 50 y 69 años con toma de mamografia | F9: N/A | G9: 1 | H9: 1 | J9: 0 | K9: 1 | L9: 0 | V9: =SUM(J9:U9) -> 1 | W9: =V9/V8 -> 0.0035714286
A10: DT mama | B10: COBERTURA BIOPSIA DE MAMA | C10: Proporción de mujeres con resultados de Biopsia de mama. | D10: Número de mujeres con mamografía reportada como BI-RADS 4, o más quienes se les realizó biopsia, durante el período evaluado. | E10: Total de mujeres con mamografía clasificada como BI-RADS 4 o superior, que requerían biopsia diagnóstica, durante el mismo período de medición. | F10: N/A | G10: 1 | H10: 1 | J10: 0 | K10: 0 | L10: 0 | V10: =SUM(J10:U10) -> 0 | W10: =V10/V8 -> 0
A11: DT Prostata | B11: COBERTURA TACTO RECTAL | C11: Proporción de hombres entre 50 y 75 años con tacto rectal | D11: Número de hombres entre 50 y 75 años a quienes se les realizó tacto rectal durante el período de medición | E11: Total de hombres entre 50 y 75 años afiliados a la EAPB en el municipio | F11: 4071 | G11: 0.2 | H11: =F11*0.2 -> 814.2 | I11: 41,46% | J11: 97 | K11: 94 | V11: =SUM(J11:U11) -> 191 | W11: =V11/H11 -> 0.2345861 | X11: 4164
A12: DT Prostata | B12: COBERTURA PSA | C12: Proporción de hombres entre 50 y 75 años tamizados con PSA | D12: Número de hombres entre 50 y 75 años a quienes se les realizó PSA durante el período de medición | E12: Total de hombres entre 50 y 75 años afiliados a la EAPB en el municipio | F12: 4071 | G12: 0.2 | H12: =F12*0.2 -> 814.2 | I12: 55,89% | J12: 96 | K12: 90 | V12: =SUM(J12:U12) -> 186 | W12: =V12/H12 -> 0.2284451
A13: DT Prostata | B13: COBERTURA (PSA Y TACTO RECTAL) | C13: Proporción de hombres mayores de 50 años con tamizaje combinado para cáncer de próstata (PSA y Tacto Rectal) | D13: Número de hombres entre 50 y 75 años a quienes se les realizó tamizaje combinado (PSA y tacto rectal) durante el período de medición | E13: Total de hombres entre 50 y 75 años afiliados a la EAPB en el municipio | F13: 4071 | G13: 0.2 | H13: =F13*0.2 -> 814.2 | I13: 37,69% | J13: 16 | K13: 18 | V13: =SUM(J13:U13) -> 34 | W13: =V13/H13 -> 0.041758782
A14: DT Prostata | B14: POSITIVIDAD CANCER DE PROSTATA | C14: Proporción de hombres mayores de 50 años con tamizacion de cancer de prostata resultado anormal | D14: Numero de hombres con resultado anormal de tamizacion para cancer de prostata en el periodo evaluado. | E14: Total de hombres con alguna prueba de tamizacion para cáncer de prostata | F14: N/A | G14: 1 | H14: 1 | I14: 68,04% | J14: 1 | K14: 4 | V14: =SUM(J14:U14) -> 5 | W14: =V14/V13 -> 0.14705882
A15: DT Prostata | B15: COBERTURA BIOPSIA DE PROSTATA | C15: Proporción de hombres con pruebas de tamizaje anormal a quienes se les realizó biopsia de próstata | D15: Número de hombres con resultado anormal en pruebas de tamizaje para cáncer de próstata (PSA o tacto rectal) a quienes se les realizó biopsia de próstata durante el período de medición | E15: Total de hombres con resultado anormal en pruebas de tamizaje para cáncer de próstata durante el mismo período de medición, que según criterio clínico requerían biopsia prostática | F15: N/A | G15: 1 | H15: 1 | J15: SD | K15: SD | L15: SD | V15: =SUM(J15:U15) -> 0 | W15: =V15/V14 -> 0
A16: DT Colon y Recto | B16: COBERTURA TAMIZACION SANGRE OCULTA EN HECES | C16: Proporción de personas entre 50 y 75 años tamizadas para cáncer de colon y recto (sangre oculta en materia fecal con inmunoquímica) | D16: Número de personas entre 50 y 75 años a quienes se les realizó prueba de sangre oculta en materia fecal por método inmunoquímico. | E16: Total de personas entre 50 y 75 años en el municipio | F16: 8571 | G16: 0.5 | H16: =F16*0.5 -> 4285.5 | I16: 43,01% | J16: 140 | K16: 155 | V16: =SUM(J16:U16) -> 295 | W16: =V16/H16 -> 0.068836775
A17: DT Colon y Recto | B17: POSITIVIDAD SANGRE OCULTA EN HECES | C17: Proporción de personas con pruebas anormal de sangre oculta en heces. | D17: Total de personas entre 50 y 75 años con tamizaje resultado positivo de sangre oculta. | E17: Total de personas entre 50 y 75 años con tamizaje de sangre oculta en heces | F17: N/A | G17: 1 | H17: 1 | J17: 0 | K17: 0 | V17: =SUM(J17:U17) -> 0 | W17: =V17/V16 -> 0
A18: DT Colon y Recto | B18: COBERTURA COLONOSCOPIA | C18: Proporción de personas mayores de 50 años con test de sangre oculta en materia fecal positivos a los que se les realizó colonoscopia | D18: Número de personas de 50 años o más con resultado positivo en la prueba de sangre oculta en materia fecal a quienes se les realizó colonoscopia diagnóstica posterior al resultado positivo, durante el período de medición | E18: Total de personas de 50 años o más con resultado positivo en la prueba de sangre oculta en materia fecal durante el mismo período de medición, que requerían colonoscopia diagnóstica según el lineamiento técnico | F18: N/A | G18: 1 | H18: 1 | J18: 0 | K18: 0 | V18: =SUM(J18:U18) -> 0 | W18: =V18/V17 -> #DIV/0!
A22: Seguimiento
A23: 46129 | B23: Mamografia con birad 5 , ene l mes de febrero con servicio autorizado para biopsia sin realizacioni de la misma CC 24226148 . Meiby Garnica de Neira | D23: Seguimiento 17/04/2026
B24: No se tiene reporte de biopsia en hombres con tamizaje de prostata anormal
B25: Solicitar a la lider nacional para definir en el censo los casos activos.
B26: Ala fecha no se cuenta con indicadoress finales del mes de marzo, los ingresados son premilinares.

Sheet Coosalud
A1: PROGRAMA | B1: TIPO INDICADOR | C1: NOMBRE INDICADOR | D1: NUMERADOR | E1: DENOMINADOR | F1: POBLACION CORTE 31/12/2025 | G1: ESTIMACION | H1: META AÑO 2026 | I1: LINEA BASE 2025 | J1: ENERO | K1: FEBRERO | L1: MARZO | M1: ABRIL | N1: MAYO | O1: JUNIO | P1: JULIO | Q1: AGOSTO | R1: SEPTIEMBRE | S1: OCTUBRE | T1: NOVIEMBRE | U1: DICIEMBRE | V1: ACUMULADO ACTIVIDADES | W1: % EJECUCION
A2: DT cervix | B2: COBERTURA CCU | C2: Proporción de mujeres entre 25 y 29 años tamizadas para cáncer de cuello uterino con citologia cervico uterina. | D2: # Mujeres de 25 a 29 años, con toma de citologia cervico uterina en el periodo evaluado. | E2: Total de mujeres entre 25 y 29 años afiliadas a la EAPB en el municipio | F2: 432 | G2: 0.33 | H2: =F2*0.33 -> 142.56 | I2: 74,0% | J2: 14 | K2: 9 | L2: 10 | V2: =SUM(J2:U2) -> 33 | W2: =V2/H2 -> 0.23148148
A3: DT cervix | B3: POSITIVIDAD CCU | C3: Proporción de citologias anormales en mujeres de 25 a 65 años en el periodo evaluado. | D3: # Mujeres de 25 a 65 años con citologia cervico uterina anormal o citologia de triage anormal en el periodo evaluado. | E3: Total de mujeres tamizadas con citologia cervico uterina o citologia de triage en el periodo evaluado. | F3: N/A | G3: 1 | H3: 1 | J3: 2 | K3: 2 | L3: 0 | V3: =SUM(J3:U3) -> 4 | W3: =V3/V2 -> 0.12121212
A4: DT cervix | B4: COBERTURA ADN VPH | C4: Proporción de mujeres entre 30 y 65 años tamizadas para cáncer de cuello uterino con ADN-VPH, según esquema en el periodo evaluado. | D4: # Mujeres de 30 a 65 años tamizadas con ADN VPH. | E4: Total de mujeres entre 30 y 65 años afiliadas a la EAPB en el municipio | F4: 2598 | G4: 0.2 | H4: =F4*0.2 -> 519.6 | I4: 21,5% | J4: 39 | K4: 7 | L4: 7 | V4: =SUM(J4:U4) -> 53 | W4: =V4/H4 -> 0.10200154
A5: DT cervix | B5: POSITIVIDAD ADN VPH | C5: Proporción de ADN VPH Positivo en el periodo evaluado | D5: Número de mujeres entre 30 y 65 años con resultado positivo para ADN-VPH durante el período de medición. | E5: Total de mujeres entre 30 y 65 años con resultado de ADN -VPH durante el periodo en revision | F5: N/A | G5: 1 | H5: 1 | J5: 2 | K5: 0 | L5: 0 | V5: =SUM(J5:U5) -> 2 | W5: =V5/V4 -> 0.037735849
A6: DT cervix | B6: COBERTURA COLPOSCOPIA Y BIOPSIA | C6: Proporción de mujeres con citología anormal o citología de triage anormal a quienes se realizó colposcopia y biopsia | D6: Número de mujeres con resultado colposcopia y biopsia cervical, durante el período de medición. | E6: Total de mujeres con citología anormal o citología de triage anormal durante el mismo período de medición, requerían colposcopia y biopsia. | F6: N/A | G6: 1 | H6: 1 | J6: 1 | K6: 0 | L6: 0 | V6: =SUM(J6:U6) -> 1 | W6: =V6/V3 -> 0.25
A7: DT mama | B7: COBERTURA EXAMEN CLINICO DE LA MAMA | C7: Proporción de mujeres entre 40 y 69 años tamizadas con examen clínico de la mama en el periodo evaluado | D7: Número de mujeres entre 40 y 69 años a quienes se les realizó examen clínico de la mama en el periodo evaluado. | E7: Total de mujeres entre 40 y 69 años afiliadas a la EAPB en el municipio | F7: 1922 | G7: 1 | H7: =F7*1 -> 1922 | J7: 24 | K7: 64 | L7: 30 | V7: =SUM(J7:U7) -> 118 | W7: =V7/H7 -> 0.061394381
A8: DT mama | B8: COBERTURA MAMOGRAFIA | C8: Proporción de mujeres entre 50 y 69 años tamizadas para cáncer de mama con mamografía en el periodo evaluado. | D8: Número de mujeres entre 50 y 69 años a quienes se les realizó toma de mamografia. | E8: Total de mujeres entre 50 y 69 años afiliadas a la EAPB en el municipio | F8: 1075 | G8: 0.5 | H8: =F8*0.5 -> 537.5 | I8: 67,1% | J8: 15 | K8: 8 | L8: 20 | V8: =SUM(J8:U8) -> 43 | W8: =V8/H8 -> 0.08
A9: DT mama | B9: POSITIVIDAD MAMOGRAFIA | C9: Proporción de mujeres entre 50 y 69 años tamizadas para cáncer de mama con reporte anormal de mamografía en el periodo evaluado. | D9: Número de mujeres entre 50 y 69 años con resultado de mamografia BI-RADS 4 o más | E9: Total de mujeres entre 50 y 69 años con toma de mamografia | F9: N/A | G9: 1 | H9: 1 | J9: 0 | K9: 0 | L9: 0 | V9: =SUM(J9:U9) -> 0 | W9: =V9/V8 -> 0
A10: DT mama | B10: COBERTURA BIOPSIA DE MAMA | C10: Proporción de mujeres con resultados de Biopsia de mama. | D10: Número de mujeres con mamografía reportada como BI-RADS 4, o más quienes se les realizó biopsia, durante el período evaluado. | E10: Total de mujeres con mamografía clasificada como BI-RADS 4 o superior, que requerían biopsia diagnóstica, durante el mismo período de medición. | F10: N/A | G10: 1 | H10: 1 | J10: 0 | K10: 0 | L10: 0 | V10: =SUM(J10:U10) -> 0 | W10: =V10/V8 -> 0
A11: DT Prostata | B11: COBERTURA TACTO RECTAL | C11: Proporción de hombres entre 50 y 75 años con tacto rectal | D11: Número de hombres entre 50 y 75 años a quienes se les realizó tacto rectal durante el período de medición | E11: Total de hombres entre 50 y 75 años afiliados a la EAPB en el municipio | F11: 949 | G11: 0.2 | H11: =F11*0.2 -> 189.8 | I11: 43,53% | J11: 22 | K11: 15 | L11: 8 | V11: =SUM(J11:U11) -> 45 | W11: =V11/H11 -> 0.23709168
A12: DT Prostata | B12: COBERTURA PSA | C12: Proporción de hombres entre 50 y 75 años tamizados con PSA | D12: Número de hombres entre 50 y 75 años a quienes se les realizó PSA durante el período de medición | E12: Total de hombres entre 50 y 75 años afiliados a la EAPB en el municipio | F12: 949 | G12: 0.2 | H12: =F12*0.2 -> 189.8 | I12: 51,92% | J12: 6 | K12: 10 | L12: 13 | V12: =SUM(J12:U12) -> 29 | W12: =V12/H12 -> 0.15279241
A13: DT Prostata | B13: COBERTURA (PSA Y TACTO RECTAL) | C13: Proporción de hombres mayores de 50 años con tamizaje combinado para cáncer de próstata (PSA y Tacto Rectal) | D13: Número de hombres entre 50 y 75 años a quienes se les realizó tamizaje combinado (PSA y tacto rectal) durante el período de medición | E13: Total de hombres entre 50 y 75 años afiliados a la EAPB en el municipio | F13: 949 | G13: 0.2 | H13: =F13*0.2 -> 189.8 | I13: 21,78% | J13: 4 | K13: 1 | L13: 1 | V13: =SUM(J13:U13) -> 6 | W13: =V13/H13 -> 0.031612223
A14: DT Prostata | B14: POSITIVIDAD CANCER DE PROSTATA | C14: Proporción de hombres mayores de 50 años con tamizacion de cancer de prostata resultado anormal | D14: Numero de hombres con resultado anormal de tamizacion para cancer de prostata en el periodo evaluado. | E14: Total de hombres con alguna prueba de tamizacion para cáncer de prostata | F14: N/A | G14: 1 | H14: 1 | J14: 0 | K14: 0 | L14: 1 | V14: =SUM(J14:U14) -> 1 | W14: =V14/V13 -> 0.16666667
A15: DT Prostata | B15: COBERTURA BIOPSIA DE PROSTATA | C15: Proporción de hombres con pruebas de tamizaje anormal a quienes se les realizó biopsia de próstata | D15: Número de hombres con resultado anormal en pruebas de tamizaje para cáncer de próstata (PSA o tacto rectal) a quienes se les realizó biopsia de próstata durante el período de medición | E15: Total de hombres con resultado anormal en pruebas de tamizaje para cáncer de próstata durante el mismo período de medición, que según criterio clínico requerían biopsia prostática | F15: N/A | G15: 1 | H15: 1 | J15: 0 | K15: 0 | L15: 0 | V15: =SUM(J15:U15) -> 0 | W15: =V15/V14 -> 0
A16: DT Colon y Recto | B16: COBERTURA TAMIZACION SANGRE OCULTA EN HECES | C16: Proporción de personas entre 50 y 75 años tamizadas para cáncer de colon y recto (sangre oculta en materia fecal con inmunoquímica) | D16: Número de personas entre 50 y 75 años a quienes se les realizó prueba de sangre oculta en materia fecal por método inmunoquímico. | E16: Total de personas entre 50 y 75 años en el municipio | F16: 2175 | G16: 0.5 | H16: =F16*0.5 -> 1087.5 | I16: 48,53% | J16: 16 | K16: 11 | L16: 10 | V16: =SUM(J16:U16) -> 37 | W16: =V16/H16 -> 0.034022989
A17: DT Colon y Recto | B17: POSITIVIDAD SANGRE OCULTA EN HECES | C17: Proporción de personas con pruebas anormal de sangre oculta en heces. | D17: Total de personas entre 50 y 75 años con tamizaje resultado positivo de sangre oculta. | E17: Total de personas entre 50 y 75 años con tamizaje de sangre oculta en heces | F17: N/A | G17: 1 | H17: 1 | J17: 0 | K17: 2 | L17: 1 | V17: =SUM(J17:U17) -> 3 | W17: =V17/V16 -> 0.081081081
A18: DT Colon y Recto | B18: COBERTURA COLONOSCOPIA | C18: Proporción de personas mayores de 50 años con test de sangre oculta en materia fecal positivos a los que se les realizó colonoscopia | D18: Número de personas de 50 años o más con resultado positivo en la prueba de sangre oculta en materia fecal a quienes se les realizó colonoscopia diagnóstica posterior al resultado positivo, durante el período de medición | E18: Total de personas de 50 años o más con resultado positivo en la prueba de sangre oculta en materia fecal durante el mismo período de medición, que requerían colonoscopia diagnóstica según el lineamiento técnico | F18: N/A | G18: 1 | H18: 1 | J18: 0 | K18: 2 | L18: 1 | V18: =SUM(J18:U18) -> 3 | W18: =V18/V17 -> 1

Sheet Famisanar
A1: PROGRAMA | B1: TIPO INDICADOR | C1: NOMBRE INDICADOR | D1: NUMERADOR | E1: DENOMINADOR | F1: POBLACION CORTE 31/12/2025 | G1: ESTIMACION | H1: META AÑO 2026 | I1: LINEA BASE 2025 | J1: ENERO | K1: FEBRERO | L1: MARZO | M1: ABRIL | N1: MAYO | O1: JUNIO | P1: JULIO | Q1: AGOSTO | R1: SEPTIEMBRE | S1: OCTUBRE | T1: NOVIEMBRE | U1: DICIEMBRE | V1: ACUMULADO ACTIVIDADES | W1: % EJECUCION
A2: DT cervix | B2: COBERTURA CCU | C2: Proporción de mujeres entre 25 y 29 años tamizadas para cáncer de cuello uterino con citologia cervico uterina. | D2: # Mujeres de 25 a 29 años, con toma de citologia cervico uterina en el periodo evaluado. | E2: Total de mujeres entre 25 y 29 años afiliadas a la EAPB en el municipio | F2: 452 | G2: 0.33 | H2: =F2*0.33 -> 149.16 | J2: 4 | K2: 9 | L2: 38 | M2: 22 | V2: =SUM(J2:U2) -> 73 | W2: =V2/H2 -> 0.48940735
A3: DT cervix | B3: POSITIVIDAD CCU | C3: Proporción de citologias anormales en mujeres de 25 a 65 años en el periodo evaluado. | D3: # Mujeres de 25 a 65 años con citologia cervico uterina anormal o citologia de triage anormal en el periodo evaluado. | E3: Total de mujeres tamizadas con citologia cervico uterina o citologia de triage en el periodo evaluado. | F3: N/A | G3: 1 | H3: 1 | J3: 2 | K3: 2 | L3: 0 | M3: 1 | V3: =SUM(J3:U3) -> 5 | W3: =V3/V2 -> 0.068493151 | X3: 3438
A4: DT cervix | B4: COBERTURA ADN VPH | C4: Proporción de mujeres entre 30 y 65 años tamizadas para cáncer de cuello uterino con ADN-VPH, según esquema en el periodo evaluado. | D4: # Mujeres de 30 a 65 años tamizadas con ADN VPH. | E4: Total de mujeres entre 30 y 65 años afiliadas a la EAPB en el municipio | F4: 3070 | G4: 0.2 | H4: =F4*0.2 -> 614 | I4: 52,15% | J4: 2 | K4: 55 | L4: 75 | M4: 50 | V4: =SUM(J4:U4) -> 182 | W4: =V4/H4 -> 0.29641694
A5: DT cervix | B5: POSITIVIDAD ADN VPH | C5: Proporción de ADN VPH Positivo en el periodo evaluado | D5: Número de mujeres entre 30 y 65 años con resultado positivo para ADN-VPH durante el período de medición. | E5: Total de mujeres entre 30 y 65 años con resultado de ADN -VPH durante el periodo en revision | F5: N/A | G5: 1 | H5: 1 | J5: 0 | K5: 6 | L5: 3 | M5: 0 | V5: =SUM(J5:U5) -> 9 | W5: =V5/V4 -> 0.049450549
A6: DT cervix | B6: COBERTURA COLPOSCOPIA Y BIOPSIA | C6: Proporción de mujeres con citología anormal o citología de triage anormal a quienes se realizó colposcopia y biopsia | D6: Número de mujeres con resultado colposcopia y biopsia cervical, durante el período de medición. | E6: Total de mujeres con citología anormal o citología de triage anormal durante el mismo período de medición, requerían colposcopia y biopsia. | F6: N/A | G6: 1 | H6: 1 | J6: 3 | K6: 0 | L6: 0 | M6: 0 | V6: =SUM(J6:U6) -> 3 | W6: =V6/V3 -> 0.6
A7: DT mama | B7: COBERTURA EXAMEN CLINICO DE LA MAMA | C7: Proporción de mujeres entre 40 y 69 años tamizadas con examen clínico de la mama en el periodo evaluado | D7: Número de mujeres entre 40 y 69 años a quienes se les realizó examen clínico de la mama en el periodo evaluado. | E7: Total de mujeres entre 40 y 69 años afiliadas a la EAPB en el municipio | F7: 2331 | G7: 1 | H7: =F7*1 -> 2331 | J7: 329 | K7: 441 | L7: 169 | M7: 170 | V7: =SUM(J7:U7) -> 1109 | W7: =V7/H7 -> 0.47576148 | X7: 2282
A8: DT mama | B8: COBERTURA MAMOGRAFIA | C8: Proporción de mujeres entre 50 y 69 años tamizadas para cáncer de mama con mamografía en el periodo evaluado. | D8: Número de mujeres entre 50 y 69 años a quienes se les realizó toma de mamografia. | E8: Total de mujeres entre 50 y 69 años afiliadas a la EAPB en el municipio | F8: 1332 | G8: 0.5 | H8: =F8*0.5 -> 666 | I8: 40,63% | J8: 53 | K8: 93 | L8: 27 | M8: 2 | V8: =SUM(J8:U8) -> 175 | W8: =V8/H8 -> 0.26276276
A9: DT mama | B9: POSITIVIDAD MAMOGRAFIA | C9: Proporción de mujeres entre 50 y 69 años tamizadas para cáncer de mama con reporte anormal de mamografía en el periodo evaluado. | D9: Número de mujeres entre 50 y 69 años con resultado de mamografia BI-RADS 4 o más | E9: Total de mujeres entre 50 y 69 años con toma de mamografia | F9: N/A | G9: 1 | H9: 1 | J9: 0 | K9: 0 | L9: 0 | M9: 0 | V9: =SUM(J9:U9) -> 0 | W9: =V9/V8 -> 0
A10: DT mama | B10: COBERTURA BIOPSIA DE MAMA | C10: Proporción de mujeres con resultados de Biopsia de mama. | D10: Número de mujeres con mamografía reportada como BI-RADS 4, o más quienes se les realizó biopsia, durante el período evaluado. | E10: Total de mujeres con mamografía clasificada como BI-RADS 4 o superior, que requerían biopsia diagnóstica, durante el mismo período de medición. | F10: N/A | G10: 1 | H10: 1 | J10: 0 | K10: 0 | L10: 0 | M10: 0 | V10: =SUM(J10:U10) -> 0 | W10: =V10/V8 -> 0
A11: DT Prostata | B11: COBERTURA TACTO RECTAL | C11: Proporción de hombres entre 50 y 75 años con tacto rectal | D11: Número de hombres entre 50 y 75 años a quienes se les realizó tacto rectal durante el período de medición | E11: Total de hombres entre 50 y 75 años afiliados a la EAPB en el municipio | F11: 1452 | G11: 0.2 | H11: =F11*0.2 -> 290.4 | I11: 21,52% | J11: 45 | K11: 48 | L11: 113 | M11: 136 | V11: =SUM(J11:U11) -> 342 | W11: =V11/H11 -> 1.177686 | X11: 1424
A12: DT Prostata | B12: COBERTURA PSA | C12: Proporción de hombres entre 50 y 75 años tamizados con PSA | D12: Número de hombres entre 50 y 75 años a quienes se les realizó PSA durante el período de medición | E12: Total de hombres entre 50 y 75 años afiliados a la EAPB en el municipio | F12: 1452 | G12: 0.2 | H12: =F12*0.2 -> 290.4 | I12: 49,93% | J12: 27 | K12: 39 | L12: 35 | M12: 46 | V12: =SUM(J12:U12) -> 147 | W12: =V12/H12 -> 0.50619835
A13: DT Prostata | B13: COBERTURA (PSA Y TACTO RECTAL) | C13: Proporción de hombres mayores de 50 años con tamizaje combinado para cáncer de próstata (PSA y Tacto Rectal) | D13: Número de hombres entre 50 y 75 años a quienes se les realizó tamizaje combinado (PSA y tacto rectal) durante el período de medición | E13: Total de hombres entre 50 y 75 años afiliados a la EAPB en el municipio | F13: 1452 | G13: 0.2 | H13: =F13*0.2 -> 290.4 | I13: 15,05% | J13: 4 | K13: 6 | L13: 0 | V13: =SUM(J13:U13) -> 10 | W13: =V13/H13 -> 0.034435262
A14: DT Prostata | B14: POSITIVIDAD CANCER DE PROSTATA | C14: Proporción de hombres mayores de 50 años con tamizacion de cancer de prostata resultado anormal | D14: Numero de hombres con resultado anormal de tamizacion para cancer de prostata en el periodo evaluado. | E14: Total de hombres con alguna prueba de tamizacion para cáncer de prostata | F14: N/A | G14: 1 | H14: 1 | I14: 27,48% | J14: 0 | K14: 3 | L14: 6 | M14: 4 | V14: =SUM(J14:U14) -> 13 | W14: =V14/V13 -> 1.3
A15: DT Prostata | B15: COBERTURA BIOPSIA DE PROSTATA | C15: Proporción de hombres con pruebas de tamizaje anormal a quienes se les realizó biopsia de próstata | D15: Número de hombres con resultado anormal en pruebas de tamizaje para cáncer de próstata (PSA o tacto rectal) a quienes se les realizó biopsia de próstata durante el período de medición | E15: Total de hombres con resultado anormal en pruebas de tamizaje para cáncer de próstata durante el mismo período de medición, que según criterio clínico requerían biopsia prostática | F15: N/A | G15: 1 | H15: 1 | J15: 0 | K15: 0 | L15: 0 | M15: 0 | V15: =SUM(J15:U15) -> 0 | W15: =V15/V14 -> 0
A16: DT Colon y Recto | B16: COBERTURA TAMIZACION SANGRE OCULTA EN HECES | C16: Proporción de personas entre 50 y 75 años tamizadas para cáncer de colon y recto (sangre oculta en materia fecal con inmunoquímica) | D16: Número de personas entre 50 y 75 años a quienes se les realizó prueba de sangre oculta en materia fecal por método inmunoquímico. | E16: Total de personas entre 50 y 75 años en el municipio | F16: 3010 | G16: 0.5 | H16: =F16*0.5 -> 1505 | I16: 24,65% | J16: 64 | K16: 91 | L16: 3 | M16: 34 | V16: =SUM(J16:U16) -> 192 | W16: =V16/H16 -> 0.12757475 | X16: 2992
A17: DT Colon y Recto | B17: POSITIVIDAD SANGRE OCULTA EN HECES | C17: Proporción de personas con pruebas anormal de sangre oculta en heces. | D17: Total de personas entre 50 y 75 años con tamizaje resultado positivo de sangre oculta. | E17: Total de personas entre 50 y 75 años con tamizaje de sangre oculta en heces | F17: N/A | G17: 1 | H17: 1 | J17: 1 | K17: 7 | L17: 0 | M17: 8 | V17: =SUM(J17:U17) -> 16 | W17: =V17/V16 -> 0.083333333
A18: DT Colon y Recto | B18: COBERTURA COLONOSCOPIA | C18: Proporción de personas mayores de 50 años con test de sangre oculta en materia fecal positivos a los que se les realizó colonoscopia | D18: Número de personas de 50 años o más con resultado positivo en la prueba de sangre oculta en materia fecal a quienes se les realizó colonoscopia diagnóstica posterior al resultado positivo, durante el período de medición | E18: Total de personas de 50 años o más con resultado positivo en la prueba de sangre oculta en materia fecal durante el mismo período de medición, que requerían colonoscopia diagnóstica según el lineamiento técnico | F18: N/A | G18: 1 | H18: 1 | J18: 0 | K18: 0 | L18: 0 | M18: 0 | V18: =SUM(J18:U18) -> 0 | W18: =V18/V17 -> 0
A21: Seguimiento
A22: 46129 | B22: Pacientes con citologia anormal sin reporte de colposcopia
B23: falta indicadoress mes de marzo
B24: En el mes de febrero cambio de prestador
B25: No se cuenta con soporte de biopsia para pacientes positivos por PSA
B26: No se cuenta con reportees de colonoscopia para usuarios con SOMF positivos

Sheet Salud Total
A1: PROGRAMA | B1: TIPO INDICADOR | C1: NOMBRE INDICADOR | D1: NUMERADOR | E1: DENOMINADOR | F1: POBLACION CORTE 31/12/2025 | G1: ESTIMACION | H1: META AÑO 2026 | I1: LINEA BASE 2025 | J1: ENERO | K1: FEBRERO | L1: MARZO | M1: ABRIL | N1: MAYO | O1: JUNIO | P1: JULIO | Q1: AGOSTO | R1: SEPTIEMBRE | S1: OCTUBRE | T1: NOVIEMBRE | U1: DICIEMBRE | V1: ACUMULADO ACTIVIDADES | W1: % EJECUCION
A2: DT cervix | B2: COBERTURA CCU | C2: Proporción de mujeres entre 25 y 29 años tamizadas para cáncer de cuello uterino con citologia cervico uterina. | D2: # Mujeres de 25 a 29 años, con toma de citologia cervico uterina en el periodo evaluado. | E2: Total de mujeres entre 25 y 29 años afiliadas a la EAPB en el municipio | F2: 274 | G2: 0.33 | H2: =F2*0.33 -> 90.42 | I2: 65,4% | J2: 93 | K2: 34 | L2: 39 | M2: 6 | V2: =SUM(J2:U2) -> 172 | W2: =V2/H2 -> 1.902234
A3: DT cervix | B3: POSITIVIDAD CCU | C3: Proporción de citologias anormales en mujeres de 25 a 65 años en el periodo evaluado. | D3: # Mujeres de 25 a 65 años con citologia cervico uterina anormal o citologia de triage anormal en el periodo evaluado. | E3: Total de mujeres tamizadas con citologia cervico uterina o citologia de triage en el periodo evaluado. | F3: N/A | G3: 1 | H3: 1 | J3: 0 | K3: 0 | L3: 0 | M3: 0 | V3: =SUM(J3:U3) -> 0 | W3: =V3/V2 -> 0
A4: DT cervix | B4: COBERTURA ADN VPH | C4: Proporción de mujeres entre 30 y 65 años tamizadas para cáncer de cuello uterino con ADN-VPH, según esquema en el periodo evaluado. | D4: # Mujeres de 30 a 65 años tamizadas con ADN VPH. | E4: Total de mujeres entre 30 y 65 años afiliadas a la EAPB en el municipio | F4: 2238 | G4: 0.2 | H4: =F4*0.2 -> 447.6 | I4: 18,41% | J4: 36 | K4: 10 | L4: 28 | M4: 13 | V4: =SUM(J4:U4) -> 87 | W4: =V4/H4 -> 0.19436997
A5: DT cervix | B5: POSITIVIDAD ADN VPH | C5: Proporción de ADN VPH Positivo en el periodo evaluado | D5: Número de mujeres entre 30 y 65 años con resultado positivo para ADN-VPH durante el período de medición. | E5: Total de mujeres entre 30 y 65 años con resultado de ADN -VPH durante el periodo en revision | F5: N/A | G5: 1 | H5: 1 | J5: 0 | K5: 1 | L5: 1 | M5: 0 | V5: =SUM(J5:U5) -> 2 | W5: =V5/V4 -> 0.022988506
A6: DT cervix | B6: COBERTURA COLPOSCOPIA Y BIOPSIA | C6: Proporción de mujeres con citología anormal o citología de triage anormal a quienes se realizó colposcopia y biopsia | D6: Número de mujeres con resultado colposcopia y biopsia cervical, durante el período de medición. | E6: Total de mujeres con citología anormal o citología de triage anormal durante el mismo período de medición, requerían colposcopia y biopsia. | F6: N/A | H6: 1 | J6: 0 | K6: 1 | L6: 1 | M6: 0 | V6: =SUM(J6:U6) -> 2 | W6: =V6/V3 -> #DIV/0!
A7: DT mama | B7: COBERTURA EXAMEN CLINICO DE LA MAMA | C7: Proporción de mujeres entre 40 y 69 años tamizadas con examen clínico de la mama en el periodo evaluado | D7: Número de mujeres entre 40 y 69 años a quienes se les realizó examen clínico de la mama en el periodo evaluado. | E7: Total de mujeres entre 40 y 69 años afiliadas a la EAPB en el municipio | F7: 1778 | G7: 1 | H7: =F7*1 -> 1778 | J7: 46 | K7: 32 | L7: 46 | M7: 52 | V7: =SUM(J7:U7) -> 176 | W7: =V7/H7 -> 0.098987627
A8: DT mama | B8: COBERTURA MAMOGRAFIA | C8: Proporción de mujeres entre 50 y 69 años tamizadas para cáncer de mama con mamografía en el periodo evaluado. | D8: Número de mujeres entre 50 y 69 años a quienes se les realizó toma de mamografia. | E8: Total de mujeres entre 50 y 69 años afiliadas a la EAPB en el municipio | F8: 1053 | G8: 0.5 | H8: =F8*0.5 -> 526.5 | I8: 50,24% | J8: 37 | K8: 24 | L8: 89 | M8: 42 | V8: =SUM(J8:U8) -> 192 | W8: =V8/H8 -> 0.36467236
A9: DT mama | B9: POSITIVIDAD MAMOGRAFIA | C9: Proporción de mujeres entre 50 y 69 años tamizadas para cáncer de mama con reporte anormal de mamografía en el periodo evaluado. | D9: Número de mujeres entre 50 y 69 años con resultado de mamografia BI-RADS 4 o más | E9: Total de mujeres entre 50 y 69 años con toma de mamografia | F9: N/A | G9: 1 | H9: 1 | J9: 1 | K9: 0 | L9: 0 | M9: 0 | V9: =SUM(J9:U9) -> 1 | W9: =V9/V8 -> 0.0052083333
A10: DT mama | B10: COBERTURA BIOPSIA DE MAMA | C10: Proporción de mujeres con resultados de Biopsia de mama. | D10: Número de mujeres con mamografía reportada como BI-RADS 4, o más quienes se les realizó biopsia, durante el período evaluado. | E10: Total de mujeres con mamografía clasificada como BI-RADS 4 o superior, que requerían biopsia diagnóstica, durante el mismo período de medición. | F10: N/A | G10: 1 | H10: 1 | J10: 1 | K10: 0 | L10: 0 | M10: 0 | V10: =SUM(J10:U10) -> 1 | W10: =V10/V8 -> 0.0052083333
A11: DT Prostata | B11: COBERTURA TACTO RECTAL | C11: Proporción de hombres entre 50 y 75 años con tacto rectal | D11: Número de hombres entre 50 y 75 años a quienes se les realizó tacto rectal durante el período de medición | E11: Total de hombres entre 50 y 75 años afiliados a la EAPB en el municipio | F11: 1061 | G11: 0.2 | H11: =F11*0.2 -> 212.2 | I11: 57,55% | J11: 16 | K11: 33 | L11: 38 | M11: 52 | V11: =SUM(J11:U11) -> 139 | W11: =V11/H11 -> 0.65504241
A12: DT Prostata | B12: COBERTURA PSA | C12: Proporción de hombres entre 50 y 75 años tamizados con PSA | D12: Número de hombres entre 50 y 75 años a quienes se les realizó PSA durante el período de medición | E12: Total de hombres entre 50 y 75 años afiliados a la EAPB en el municipio | F12: 1061 | G12: 0.2 | H12: =F12*0.2 -> 212.2 | I12: 62,86% | J12: 56 | K12: 89 | L12: 101 | M12: 40 | V12: =SUM(J12:U12) -> 286 | W12: =V12/H12 -> 1.3477851
A13: DT Prostata | B13: COBERTURA (PSA Y TACTO RECTAL) | C13: Proporción de hombres mayores de 50 años con tamizaje combinado para cáncer de próstata (PSA y Tacto Rectal) | D13: Número de hombres entre 50 y 75 años a quienes se les realizó tamizaje combinado (PSA y tacto rectal) durante el período de medición | E13: Total de hombres entre 50 y 75 años afiliados a la EAPB en el municipio | F13: 1061 | G13: 0.2 | H13: =F13*0.2 -> 212.2 | I13: 20,29% | J13: 72 | K13: 122 | L13: 139 | M13: 0 | V13: =SUM(J13:U13) -> 333 | W13: =V13/H13 -> 1.5692743
A14: DT Prostata | B14: POSITIVIDAD CANCER DE PROSTATA | C14: Proporción de hombres mayores de 50 años con tamizacion de cancer de prostata resultado anormal | D14: Numero de hombres con resultado anormal de tamizacion para cancer de prostata en el periodo evaluado. | E14: Total de hombres con alguna prueba de tamizacion para cáncer de prostata | F14: N/A | G14: 1 | H14: 1 | J14: 0 | K14: 0 | L14: 0 | M14: 0 | V14: =SUM(J14:U14) -> 0 | W14: =V14/V13 -> 0
A15: DT Prostata | B15: COBERTURA BIOPSIA DE PROSTATA | C15: Proporción de hombres con pruebas de tamizaje anormal a quienes se les realizó biopsia de próstata | D15: Número de hombres con resultado anormal en pruebas de tamizaje para cáncer de próstata (PSA o tacto rectal) a quienes se les realizó biopsia de próstata durante el período de medición | E15: Total de hombres con resultado anormal en pruebas de tamizaje para cáncer de próstata durante el mismo período de medición, que según criterio clínico requerían biopsia prostática | F15: N/A | G15: 1 | H15: 1 | J15: 0 | K15: 0 | L15: 0 | M15: 0 | V15: =SUM(J15:U15) -> 0 | W15: =V15/V14 -> #DIV/0!
A16: DT Colon y Recto | B16: COBERTURA TAMIZACION SANGRE OCULTA EN HECES | C16: Proporción de personas entre 50 y 75 años tamizadas para cáncer de colon y recto (sangre oculta en materia fecal con inmunoquímica) | D16: Número de personas entre 50 y 75 años a quienes se les realizó prueba de sangre oculta en materia fecal por método inmunoquímico. | E16: Total de personas entre 50 y 75 años en el municipio | F16: 2291 | G16: 0.5 | H16: =F16*0.5 -> 1145.5 | I16: 45,44% | J16: 44 | K16: 145 | L16: 135 | M16: 61 | V16: =SUM(J16:U16) -> 385 | W16: =V16/H16 -> 0.33609777
A17: DT Colon y Recto | B17: POSITIVIDAD SANGRE OCULTA EN HECES | C17: Proporción de personas con pruebas anormal de sangre oculta en heces. | D17: Total de personas entre 50 y 75 años con tamizaje resultado positivo de sangre oculta. | E17: Total de personas entre 50 y 75 años con tamizaje de sangre oculta en heces | F17: N/A | G17: 1 | H17: 1 | J17: 0 | K17: 0 | L17: 0 | M17: 0 | V17: =SUM(J17:U17) -> 0 | W17: =V17/V16 -> 0
A18: DT Colon y Recto | B18: COBERTURA COLONOSCOPIA | C18: Proporción de personas mayores de 50 años con test de sangre oculta en materia fecal positivos a los que se les realizó colonoscopia | D18: Número de personas de 50 años o más con resultado positivo en la prueba de sangre oculta en materia fecal a quienes se les realizó colonoscopia diagnóstica posterior al resultado positivo, durante el período de medición | E18: Total de personas de 50 años o más con resultado positivo en la prueba de sangre oculta en materia fecal durante el mismo período de medición, que requerían colonoscopia diagnóstica según el lineamiento técnico | F18: N/A | G18: 1 | H18: 1 | J18: 0 | K18: 0 | L18: 0 | M18: 0 | V18: =SUM(J18:U18) -> 0 | W18: =V18/V17 -> #DIV/0!
A21: 46169 | B21: Se hace seguimiento con la Jefe Yuly Paola Vaca durante la mesa RIAS, la informacion del mes de abril es preliminar dado que no coincide con al informacion reportada al trimestre anterior, con datos menores en siguires y en los acumulados , en comparacion a los datos reportados por el EPS. se comprometen al envio de la informacion del censo de paacientes de cancer el dia de hoy.

Sheet Proteger
A1: PROGRAMA | B1: TIPO INDICADOR | C1: NOMBRE INDICADOR | D1: NUMERADOR | E1: DENOMINADOR | F1: POBLACION CORTE 31/12/2025 | G1: ESTIMACION | H1: META AÑO 2026 | I1: LINEA BASE 2025 | J1: ENERO | K1: FEBRERO | L1: MARZO | M1: ABRIL | N1: MAYO | O1: JUNIO | P1: JULIO | Q1: AGOSTO | R1: SEPTIEMBRE | S1: OCTUBRE | T1: NOVIEMBRE | U1: DICIEMBRE | V1: ACUMULADO ACTIVIDADES | W1: % EJECUCION
A2: DT cervix | B2: COBERTURA CCU | C2: Proporción de mujeres entre 25 y 29 años tamizadas para cáncer de cuello uterino con citologia cervico uterina. | D2: # Mujeres de 25 a 29 años, con toma de citologia cervico uterina en el periodo evaluado. | E2: Total de mujeres entre 25 y 29 años afiliadas a la EAPB en el municipio | F2: 41 | G2: 0.33 | H2: =F2*0.33 -> 13.53 | I2: 75,6 | J2: 2 | K2: 6 | L2: 8 | M2: 6 | V2: =SUM(J2:U2) -> 22 | W2: =V2/H2 -> 1.6260163
A3: DT cervix | B3: POSITIVIDAD CCU | C3: Proporción de citologias anormales en mujeres de 25 a 65 años en el periodo evaluado. | D3: # Mujeres de 25 a 65 años con citologia cervico uterina anormal o citologia de triage anormal en el periodo evaluado. | E3: Total de mujeres tamizadas con citologia cervico uterina o citologia de triage en el periodo evaluado. | F3: N/A | G3: 1 | H3: 1 | J3: 0 | K3: 0 | L3: 0 | M3: 0 | V3: =SUM(J3:U3) -> 0 | W3: =V3/V2 -> 0
A4: DT cervix | B4: COBERTURA ADN VPH | C4: Proporción de mujeres entre 30 y 65 años tamizadas para cáncer de cuello uterino con ADN-VPH, según esquema en el periodo evaluado. | D4: # Mujeres de 30 a 65 años tamizadas con ADN VPH. | E4: Total de mujeres entre 30 y 65 años afiliadas a la EAPB en el municipio | F4: 294 | G4: 0.2 | H4: =F4*0.2 -> 58.8 | I4: 0 | J4: 0 | K4: 2 | L4: 3 | M4: 0 | V4: =SUM(J4:U4) -> 5 | W4: =V4/H4 -> 0.085034014
A5: DT cervix | B5: POSITIVIDAD ADN VPH | C5: Proporción de ADN VPH Positivo en el periodo evaluado | D5: Número de mujeres entre 30 y 65 años con resultado positivo para ADN-VPH durante el período de medición. | E5: Total de mujeres entre 30 y 65 años con resultado de ADN -VPH durante el periodo en revision | F5: N/A | G5: 1 | H5: 1 | J5: 0 | K5: 0 | L5: 0 | M5: 0 | V5: =SUM(J5:U5) -> 0 | W5: =V5/V4 -> 0
A6: DT cervix | B6: COBERTURA COLPOSCOPIA Y BIOPSIA | C6: Proporción de mujeres con citología anormal o citología de triage anormal a quienes se realizó colposcopia y biopsia | D6: Número de mujeres con resultado colposcopia y biopsia cervical, durante el período de medición. | E6: Total de mujeres con citología anormal o citología de triage anormal durante el mismo período de medición, requerían colposcopia y biopsia. | F6: N/A | G6: 1 | H6: 1 | J6: 0 | K6: 0 | L6: 0 | M6: 0 | V6: =SUM(J6:U6) -> 0 | W6: =V6/V3 -> #DIV/0!
A7: DT mama | B7: COBERTURA EXAMEN CLINICO DE LA MAMA | C7: Proporción de mujeres entre 40 y 69 años tamizadas con examen clínico de la mama en el periodo evaluado | D7: Número de mujeres entre 40 y 69 años a quienes se les realizó examen clínico de la mama en el periodo evaluado. | E7: Total de mujeres entre 40 y 69 años afiliadas a la EAPB en el municipio | F7: 206 | G7: 1 | H7: =F7*1 -> 206 | J7: 1 | K7: 5 | L7: 4 | M7: 6 | V7: =SUM(J7:U7) -> 16 | W7: =V7/H7 -> 0.077669903
A8: DT mama | B8: COBERTURA MAMOGRAFIA | C8: Proporción de mujeres entre 50 y 69 años tamizadas para cáncer de mama con mamografía en el periodo evaluado. | D8: Número de mujeres entre 50 y 69 años a quienes se les realizó toma de mamografia. | E8: Total de mujeres entre 50 y 69 años afiliadas a la EAPB en el municipio | F8: 96 | G8: 0.5 | H8: =F8*0.5 -> 48 | I8: 45,45% | J8: 7 | K8: 6 | L8: 5 | M8: 0 | V8: =SUM(J8:U8) -> 18 | W8: =V8/H8 -> 0.375
A9: DT mama | B9: POSITIVIDAD MAMOGRAFIA | C9: Proporción de mujeres entre 50 y 69 años tamizadas para cáncer de mama con reporte anormal de mamografía en el periodo evaluado. | D9: Número de mujeres entre 50 y 69 años con resultado de mamografia BI-RADS 4 o más | E9: Total de mujeres entre 50 y 69 años con toma de mamografia | F9: N/A | G9: 1 | H9: 1 | J9: 0 | K9: 1 | L9: 0 | M9: 0 | V9: =SUM(J9:U9) -> 1 | W9: =V9/V8 -> 0.055555556
A10: DT mama | B10: COBERTURA BIOPSIA DE MAMA | C10: Proporción de mujeres con resultados de Biopsia de mama. | D10: Número de mujeres con mamografía reportada como BI-RADS 4, o más quienes se les realizó biopsia, durante el período evaluado. | E10: Total de mujeres con mamografía clasificada como BI-RADS 4 o superior, que requerían biopsia diagnóstica, durante el mismo período de medición. | F10: N/A | G10: 1 | H10: 1 | J10: 0 | K10: 0 | L10: 1 | M10: 0 | V10: =SUM(J10:U10) -> 1 | W10: =V10/V8 -> 0.055555556
A11: DT Prostata | B11: COBERTURA TACTO RECTAL | C11: Proporción de hombres entre 50 y 75 años con tacto rectal | D11: Número de hombres entre 50 y 75 años a quienes se les realizó tacto rectal durante el período de medición | E11: Total de hombres entre 50 y 75 años afiliados a la EAPB en el municipio | F11: 87 | G11: 0.2 | H11: =F11*0.2 -> 17.4 | I11: 39,44% | J11: 0 | K11: 3 | L11: 4 | M11: 0 | V11: =SUM(J11:U11) -> 7 | W11: =V11/H11 -> 0.40229885
A12: DT Prostata | B12: COBERTURA PSA | C12: Proporción de hombres entre 50 y 75 años tamizados con PSA | D12: Número de hombres entre 50 y 75 años a quienes se les realizó PSA durante el período de medición | E12: Total de hombres entre 50 y 75 años afiliados a la EAPB en el municipio | F12: 87 | G12: 0.2 | H12: =F12*0.2 -> 17.4 | I12: 19,72% | J12: 8 | K12: 2 | L12: 3 | M12: 2 | V12: =SUM(J12:U12) -> 15 | W12: =V12/H12 -> 0.86206897
A13: DT Prostata | B13: COBERTURA (PSA Y TACTO RECTAL) | C13: Proporción de hombres mayores de 50 años con tamizaje combinado para cáncer de próstata (PSA y Tacto Rectal) | D13: Número de hombres entre 50 y 75 años a quienes se les realizó tamizaje combinado (PSA y tacto rectal) durante el período de medición | E13: Total de hombres entre 50 y 75 años afiliados a la EAPB en el municipio | F13: 87 | G13: 0.2 | H13: =F13*0.2 -> 17.4 | I13: 16,90% | J13: 0 | K13: 1 | L13: 1 | M13: 0 | V13: =SUM(J13:U13) -> 2 | W13: =V13/H13 -> 0.11494253
A14: DT Prostata | B14: POSITIVIDAD CANCER DE PROSTATA | C14: Proporción de hombres mayores de 50 años con tamizacion de cancer de prostata resultado anormal | D14: Numero de hombres con resultado anormal de tamizacion para cancer de prostata en el periodo evaluado. | E14: Total de hombres con alguna prueba de tamizacion para cáncer de prostata | F14: N/A | G14: 1 | H14: 1 | J14: 0 | K14: 0 | L14: 0 | M14: 0 | V14: =SUM(J14:U14) -> 0 | W14: =V14/V13 -> 0
A15: DT Prostata | B15: COBERTURA BIOPSIA DE PROSTATA | C15: Proporción de hombres con pruebas de tamizaje anormal a quienes se les realizó biopsia de próstata | D15: Número de hombres con resultado anormal en pruebas de tamizaje para cáncer de próstata (PSA o tacto rectal) a quienes se les realizó biopsia de próstata durante el período de medición | E15: Total de hombres con resultado anormal en pruebas de tamizaje para cáncer de próstata durante el mismo período de medición, que según criterio clínico requerían biopsia prostática | F15: N/A | G15: 1 | H15: 1 | J15: 0 | K15: 0 | L15: 0 | M15: 0 | V15: =SUM(J15:U15) -> 0 | W15: =V15/V14 -> #DIV/0!
A16: DT Colon y Recto | B16: COBERTURA TAMIZACION SANGRE OCULTA EN HECES | C16: Proporción de personas entre 50 y 75 años tamizadas para cáncer de colon y recto (sangre oculta en materia fecal con inmunoquímica) | D16: Número de personas entre 50 y 75 años a quienes se les realizó prueba de sangre oculta en materia fecal por método inmunoquímico. | E16: Total de personas entre 50 y 75 años en el municipio | F16: 197 | G16: 0.5 | H16: =F16*0.5 -> 98.5 | I16: 0.5 | J16: 4 | K16: 3 | L16: 3 | M16: 2 | V16: =SUM(J16:U16) -> 12 | W16: =V16/H16 -> 0.12182741
A17: DT Colon y Recto | B17: POSITIVIDAD SANGRE OCULTA EN HECES | C17: Proporción de personas con pruebas anormal de sangre oculta en heces. | D17: Total de personas entre 50 y 75 años con tamizaje resultado positivo de sangre oculta. | E17: Total de personas entre 50 y 75 años con tamizaje de sangre oculta en heces | F17: N/A | G17: 1 | H17: 1 | J17: 0 | K17: 0 | L17: 0 | M17: 0 | V17: =SUM(J17:U17) -> 0 | W17: =V17/V16 -> 0
A18: DT Colon y Recto | B18: COBERTURA COLONOSCOPIA | C18: Proporción de personas mayores de 50 años con test de sangre oculta en materia fecal positivos a los que se les realizó colonoscopia | D18: Número de personas de 50 años o más con resultado positivo en la prueba de sangre oculta en materia fecal a quienes se les realizó colonoscopia diagnóstica posterior al resultado positivo, durante el período de medición | E18: Total de personas de 50 años o más con resultado positivo en la prueba de sangre oculta en materia fecal durante el mismo período de medición, que requerían colonoscopia diagnóstica según el lineamiento técnico | F18: N/A | G18: 1 | H18: 1 | J18: 0 | K18: 0 | L18: 0 | M18: 0 | V18: =SUM(J18:U18) -> 0 | W18: =V18/V17 -> #DIV/0!
A21: 46170 | B21: seguimeinto mediante mesa RIAS , bajo cumplimiento en tamizacion, sin red en el municipio, para PSA; Colposcopia, ADN VPH, se verifica informacion reportada de enero a marzo y se ingresa la ainformacion de abril. Jefe Andrea Bautista

Sheet Consolidado
A1: PROGRAMA | B1: TIPO INDICADOR | C1: NOMBRE INDICADOR | D1: NUMERADOR | E1: DENOMINADOR | F1: POBLACION CORTE 31/12/2025 activos soogamoso | G1: LINEA BASE 2025 | H1: Nueva EPS | I1: Sanitas | J1: Coosalud | K1: Famisanar | L1: Salud total | M1: Cajacopi | N1: sumatoria | O1: Avance en el cumplimiento | P1: Cumplimiento
A2: DT cervix | B2: COBERTURA CCU | C2: Proporción de mujeres entre 25 y 29 años tamizadas para cáncer de cuello uterino con citologia cervico uterina. | D2: # Mujeres de 25 a 29 años, con toma de citologia cervico uterina en el periodo evaluado. | E2: Total de mujeres entre 25 y 29 años afiliadas a la EAPB en el municipio | F2: =SUM('Nueva EPS'!F2+Sanitas!F4+Coosalud!F2+Famisanar!F2+'Salud Total'!F2+Proteger!F2) -> 14212 | G2: 64,71% | H2: ='Nueva EPS'!W2 -> 2.104587 | I2: =Sanitas!W2 -> 1.077178 | J2: =Coosalud!W2 -> 0.23148148 | K2: =Famisanar!W2 -> 0.48940735 | L2: ='Salud Total'!W2 -> 1.902234 | M2: =Proteger!W2 -> 1.6260163 | N2: =SUM(H2:M2) -> 7.4309042 | O2: =AVERAGE(H2:M2) -> 1.238484
A3: DT cervix | B3: POSITIVIDAD CCU | C3: Proporción de citologias anormales en mujeres de 25 a 65 años en el periodo evaluado. | D3: # Mujeres de 25 a 65 años con citologia cervico uterina anormal o citologia de triage anormal en el periodo evaluado. | E3: Total de mujeres tamizadas con citologia cervico uterina o citologia de triage en el periodo evaluado. | F3: N/A | H3: ='Nueva EPS'!W3 -> 0.0022441652 | I3: =Sanitas!W3 -> 0.0065934066 | J3: =Coosalud!W3 -> 0.12121212 | K3: =Famisanar!W3 -> 0.068493151 | L3: ='Salud Total'!W3 -> 0 | M3: =Proteger!W3 -> 0 | O3: =AVERAGE(H3:M3) -> 0.033090474
A4: DT cervix | B4: COBERTURA ADN VPH | C4: Proporción de mujeres entre 30 y 65 años tamizadas para cáncer de cuello uterino con ADN-VPH, según esquema en el periodo evaluado. | D4: # Mujeres de 30 a 65 años tamizadas con ADN VPH. | E4: Total de mujeres entre 30 y 65 años afiliadas a la EAPB en el municipio | F4: =SUM('Nueva EPS'!F4+Sanitas!F4+Coosalud!F4+Famisanar!F4+'Salud Total'!F4+Proteger!F4) -> 36807 | G4: 13,19% | H4: ='Nueva EPS'!W4 -> 0.028720349 | I4: =Sanitas!W4 -> 0.0030596634 | J4: =Coosalud!W4 -> 0.10200154 | K4: =Famisanar!W4 -> 0.29641694 | L4: ='Salud Total'!W4 -> 0.19436997 | M4: =Proteger!W4 -> 0.085034014 | N4: =SUM(H4:M4) -> 0.70960248 | O4: =AVERAGE(H4:M4) -> 0.11826708
A5: DT cervix | B5: POSITIVIDAD ADN VPH | C5: Proporción de ADN VPH Positivo en el periodo evaluado | D5: Número de mujeres entre 30 y 65 años con resultado positivo para ADN-VPH durante el período de medición. | E5: Total de mujeres entre 30 y 65 años con resultado de ADN -VPH durante el periodo en revision | F5: N/A | H5: ='Nueva EPS'!W5 -> 0.15740741 | I5: =Sanitas!W5 -> 0 | J5: =Coosalud!W5 -> 0.037735849 | K5: =Famisanar!W5 -> 0.049450549 | L5: ='Salud Total'!W5 -> 0.022988506 | M5: =Proteger!W5 -> 0 | N5: =SUM(H5:M5) -> 0.26758231 | O5: =AVERAGE(H5:M5) -> 0.044597052
A6: DT cervix | B6: COBERTURA COLPOSCOPIA Y BIOPSIA | C6: Proporción de mujeres con citología anormal o citología de triage anormal a quienes se realizó colposcopia y biopsia | D6: Número de mujeres con resultado colposcopia y biopsia cervical, durante el período de medición. | E6: Total de mujeres con citología anormal o citología de triage anormal durante el mismo período de medición, requerían colposcopia y biopsia. | F6: N/A | H6: ='Nueva EPS'!W6 -> 1 | I6: =Sanitas!W6 -> 0 | J6: =Coosalud!W6 -> 0.25 | K6: =Famisanar!W6 -> 0.6 | L6: ='Salud Total'!W6 -> #DIV/0! | M6: =Proteger!W6 -> #DIV/0! | N6: =SUM(H6:M6) -> #DIV/0! | O6: =AVERAGE(H6:M6) -> #DIV/0!
A7: DT mama | B7: COBERTURA EXAMEN CLINICO DE LA MAMA | C7: Proporción de mujeres entre 40 y 69 años tamizadas con examen clínico de la mama en el periodo evaluado | D7: Número de mujeres entre 40 y 69 años a quienes se les realizó examen clínico de la mama en el periodo evaluado. | E7: Total de mujeres entre 40 y 69 años afiliadas a la EAPB en el municipio | F7: =SUM('Nueva EPS'!F7+Sanitas!F7+Coosalud!F7+Famisanar!F7+'Salud Total'!F7+Proteger!F7) -> 28215 | H7: ='Nueva EPS'!W7 -> 0.06420719 | I7: =Sanitas!W7 -> 0.0048944204 | J7: =Coosalud!W7 -> 0.061394381 | K7: =Famisanar!W7 -> 0.47576148 | L7: ='Salud Total'!W7 -> 0.098987627 | M7: =Proteger!W7 -> 0.077669903 | N7: =SUM(H7:M7) -> 0.782915 | O7: =AVERAGE(H7:M7) -> 0.13048583
A8: DT mama | B8: COBERTURA MAMOGRAFIA | C8: Proporción de mujeres entre 50 y 69 años tamizadas para cáncer de mama con mamografía en el periodo evaluado. | D8: Número de mujeres entre 50 y 69 años a quienes se les realizó toma de mamografia. | E8: Total de mujeres entre 50 y 69 años afiliadas a la EAPB en el municipio | F8: =SUM('Nueva EPS'!F8+Sanitas!F8+Coosalud!F8+Famisanar!F8+'Salud Total'!F8+Proteger!F8) -> 17438 | G8: 52,99% | H8: ='Nueva EPS'!W8 -> 0.10810269 | I8: =Sanitas!W8 -> 0.14322251 | J8: =Coosalud!W8 -> 0.08 | K8: =Famisanar!W8 -> 0.26276276 | L8: ='Salud Total'!W8 -> 0.36467236 | M8: =Proteger!W8 -> 0.375 | N8: =SUM(H8:M8) -> 1.3337603 | O8: =AVERAGE(H8:M8) -> 0.22229339
A9: DT mama | B9: POSITIVIDAD MAMOGRAFIA | C9: Proporción de mujeres entre 50 y 69 años tamizadas para cáncer de mama con reporte anormal de mamografía en el periodo evaluado. | D9: Número de mujeres entre 50 y 69 años con resultado de mamografia BI-RADS 4 o más | E9: Total de mujeres entre 50 y 69 años con toma de mamografia | F9: N/A | H9: ='Nueva EPS'!W9 -> 0.0018552876 | I9: =Sanitas!W9 -> 0.0035714286 | J9: =Coosalud!W9 -> 0 | K9: =Famisanar!W9 -> 0 | L9: ='Salud Total'!W9 -> 0.0052083333 | M9: =Proteger!W9 -> 0.055555556 | N9: =SUM(H9:M9) -> 0.066190605 | O9: =AVERAGE(H9:M9) -> 0.011031768
A10: DT mama | B10: COBERTURA BIOPSIA DE MAMA | C10: Proporción de mujeres con resultados de Biopsia de mama. | D10: Número de mujeres con mamografía reportada como BI-RADS 4, o más quienes se les realizó biopsia, durante el período evaluado. | E10: Total de mujeres con mamografía clasificada como BI-RADS 4 o superior, que requerían biopsia diagnóstica, durante el mismo período de medición. | F10: N/A | H10: ='Nueva EPS'!W10 -> 0.0018552876 | I10: =Sanitas!W10 -> 0 | J10: =Coosalud!W10 -> 0 | K10: =Famisanar!W10 -> 0 | L10: ='Salud Total'!W10 -> 0.0052083333 | M10: =Proteger!W10 -> 0.055555556 | N10: =SUM(H10:M10) -> 0.062619176 | O10: =AVERAGE(H10:M10) -> 0.010436529
A11: DT Prostata | B11: COBERTURA TACTO RECTAL | C11: Proporción de hombres entre 50 y 75 años con tacto rectal | D11: Número de hombres entre 50 y 75 años a quienes se les realizó tacto rectal durante el período de medición | E11: Total de hombres entre 50 y 75 años afiliados a la EAPB en el municipio | F11: =SUM('Nueva EPS'!F11+Sanitas!F11+Coosalud!F11+Famisanar!F11+'Salud Total'!F11+Proteger!F11) -> 17213 | G11: 45,51% | H11: ='Nueva EPS'!W11 -> 0.10215782 | I11: =Sanitas!W11 -> 0.2345861 | J11: =Coosalud!W11 -> 0.23709168 | K11: =Famisanar!W11 -> 1.177686 | L11: ='Salud Total'!W11 -> 0.65504241 | M11: =Proteger!W11 -> 0.40229885 | N11: =SUM(H11:M11) -> 2.8088628 | O11: =AVERAGE(H11:M11) -> 0.4681438
A12: DT Prostata | B12: COBERTURA PSA | C12: Proporción de hombres entre 50 y 75 años tamizados con PSA | D12: Número de hombres entre 50 y 75 años a quienes se les realizó PSA durante el período de medición | E12: Total de hombres entre 50 y 75 años afiliados a la EAPB en el municipio | F12: =SUM('Nueva EPS'!F12+Sanitas!F12+Coosalud!F12+Famisanar!F12+'Salud Total'!F12+Proteger!F12) -> 17213 | G12: 47,09% | H12: ='Nueva EPS'!W12 -> 0.082351715 | I12: =Sanitas!W12 -> 0.2284451 | J12: =Coosalud!W12 -> 0.15279241 | K12: =Famisanar!W12 -> 0.50619835 | L12: ='Salud Total'!W12 -> 1.3477851 | M12: =Proteger!W12 -> 0.86206897 | N12: =SUM(H12:M12) -> 3.1796416 | O12: =AVERAGE(H12:M12) -> 0.52994027
A13: DT Prostata | B13: COBERTURA (PSA Y TACTO RECTAL) | C13: Proporción de hombres mayores de 50 años con tamizaje combinado para cáncer de próstata (PSA y Tacto Rectal) | D13: Número de hombres entre 50 y 75 años a quienes se les realizó tamizaje combinado (PSA y tacto rectal) durante el período de medición | E13: Total de hombres entre 50 y 75 años afiliados a la EAPB en el municipio | F13: =SUM('Nueva EPS'!F13+Sanitas!F13+Coosalud!F13+Famisanar!F13+'Salud Total'!F13+Proteger!F13) -> 17213 | G13: 28,72% | H13: ='Nueva EPS'!W13 -> 0.082351715 | I13: =Sanitas!W13 -> 0.041758782 | J13: =Coosalud!W13 -> 0.031612223 | K13: =Famisanar!W13 -> 0.034435262 | L13: ='Salud Total'!W13 -> 1.5692743 | M13: =Proteger!W13 -> 0.11494253 | N13: =SUM(H13:M13) -> 1.8743748 | O13: =AVERAGE(H13:M13) -> 0.3123958
A14: DT Prostata | B14: POSITIVIDAD CANCER DE PROSTATA | C14: Proporción de hombres mayores de 50 años con tamizacion de cancer de prostata resultado anormal | D14: Numero de hombres con resultado anormal de tamizacion para cancer de prostata en el periodo evaluado. | E14: Total de hombres con alguna prueba de tamizacion para cáncer de prostata | F14: N/A | H14: ='Nueva EPS'!W14 -> 0.10759494 | I14: =Sanitas!W14 -> 0.14705882 | J14: =Coosalud!W14 -> 0.16666667 | K14: =Famisanar!W14 -> 1.3 | L14: ='Salud Total'!W14 -> 0 | M14: =Proteger!W14 -> 0 | O14: =AVERAGE(H14:M14) -> 0.28688674
A15: DT Prostata | B15: COBERTURA BIOPSIA DE PROSTATA | C15: Proporción de hombres con pruebas de tamizaje anormal a quienes se les realizó biopsia de próstata | D15: Número de hombres con resultado anormal en pruebas de tamizaje para cáncer de próstata (PSA o tacto rectal) a quienes se les realizó biopsia de próstata durante el período de medición | E15: Total de hombres con resultado anormal en pruebas de tamizaje para cáncer de próstata durante el mismo período de medición, que según criterio clínico requerían biopsia prostática | F15: N/A | H15: ='Nueva EPS'!W15 -> 0 | I15: =Sanitas!W15 -> 0 | J15: =Coosalud!W15 -> 0 | K15: =Famisanar!W15 -> 0 | L15: ='Salud Total'!W15 -> #DIV/0! | M15: =Proteger!W15 -> #DIV/0! | N15: =SUM(H15:M15) -> #DIV/0! | O15: =AVERAGE(H15:M15) -> #DIV/0!
A16: DT Colon y Recto | B16: COBERTURA TAMIZACION SANGRE OCULTA EN HECES | C16: Proporción de personas entre 50 y 75 años tamizadas para cáncer de colon y recto (sangre oculta en materia fecal con inmunoquímica) | D16: Número de personas entre 50 y 75 años a quienes se les realizó prueba de sangre oculta en materia fecal por método inmunoquímico. | E16: Total de personas entre 50 y 75 años en el municipio | F16: =SUM('Nueva EPS'!F16+Sanitas!F16+Coosalud!F16+Famisanar!F16+'Salud Total'!F16+Proteger!F16) -> 37911 | G16: 41,45% | H16: ='Nueva EPS'!W16 -> 0.091752435 | I16: =Sanitas!W16 -> 0.068836775 | J16: =Coosalud!W16 -> 0.034022989 | K16: =Famisanar!W16 -> 0.12757475 | L16: ='Salud Total'!W16 -> 0.33609777 | M16: =Proteger!W16 -> 0.12182741 | N16: =SUM(H16:M16) -> 0.78011213 | O16: =AVERAGE(H16:M16) -> 0.13001869
A17: DT Colon y Recto | B17: POSITIVIDAD SANGRE OCULTA EN HECES | C17: Proporción de personas con pruebas anormal de sangre oculta en heces. | D17: Total de personas entre 50 y 75 años con tamizaje resultado positivo de sangre oculta. | E17: Total de personas entre 50 y 75 años con tamizaje de sangre oculta en heces | F17: N/A | H17: ='Nueva EPS'!W17 -> 0.048289738 | I17: =Sanitas!W17 -> 0 | J17: =Coosalud!W17 -> 0.081081081 | K17: =Famisanar!W17 -> 0.083333333 | L17: ='Salud Total'!W17 -> 0 | M17: =Proteger!W17 -> 0 | O17: =AVERAGE(H17:M17) -> 0.035450692
A18: DT Colon y Recto | B18: COBERTURA COLONOSCOPIA | C18: Proporción de personas mayores de 50 años con test de sangre oculta en materia fecal positivos a los que se les realizó colonoscopia | D18: Número de personas de 50 años o más con resultado positivo en la prueba de sangre oculta en materia fecal a quienes se les realizó colonoscopia diagnóstica posterior al resultado positivo, durante el período de medición | E18: Total de personas de 50 años o más con resultado positivo en la prueba de sangre oculta en materia fecal durante el mismo período de medición, que requerían colonoscopia diagnóstica según el lineamiento técnico | F18: N/A | H18: ='Nueva EPS'!W18 -> 0 | I18: =Sanitas!W18 -> #DIV/0! | J18: =Coosalud!W18 -> 1 | K18: =Famisanar!W18 -> 0 | L18: ='Salud Total'!W18 -> #DIV/0! | M18: =Proteger!W18 -> #DIV/0! | N18: =SUM(H18:M18) -> #DIV/0! | O18: =AVERAGE(H18:M18) -> #DIV/0!
J51: =24/29 -> 0.82758621

Sheet MODELO INDICADORES 
A1: PROGRAMA | B1: TIPO INDICADOR | C1: NOMBRE INDICADOR | D1: NUMERADOR | E1: DENOMINADOR | F1: POBLACION CORTE 31/12/2025 | G1: ESTIMACION | H1: META AÑO 2026 | I1: LINEA BASE 2025 | J1: ENERO | K1: FEBRERO | L1: MARZO | M1: ABRIL | N1: MAYO | O1: JUNIO | P1: JULIO | Q1: AGOSTO | R1: SEPTIEMBRE | S1: OCTUBRE | T1: NOVIEMBRE | U1: DICIEMBRE | V1: ACUMULADO ACTIVIDADES | W1: % EJECUCION
A2: DT cervix | B2: COBERTURA CCU | C2: Proporción de mujeres entre 25 y 29 años tamizadas para cáncer de cuello uterino con citologia cervico uterina. | D2: # Mujeres de 25 a 29 años, con toma de citologia cervico uterina en el periodo evaluado. | E2: Total de mujeres entre 25 y 29 años afiliadas a la EAPB en el municipio | F2: =SUM('Nueva EPS'!F2+Sanitas!F4+Coosalud!F2+Famisanar!F2+'Salud Total'!F2+Proteger!F2) -> 14212 | G2: 0.33 | H2: =F2*0.33 -> 4689.96 | V2: =SUM(J2:U2) -> 0 | W2: =V2/H2 -> 0
A3: DT cervix | B3: POSITIVIDAD CCU | C3: Proporción de citologias anormales en mujeres de 25 a 65 años en el periodo evaluado. | D3: # Mujeres de 25 a 65 años con citologia cervico uterina anormal o citologia de triage anormal en el periodo evaluado. | E3: Total de mujeres tamizadas con citologia cervico uterina o citologia de triage en el periodo evaluado. | G3: 1 | H3: 1 | V3: =SUM(J3:U3) -> 0 | W3: =V3/V2 -> #DIV/0!
A4: DT cervix | B4: COBERTURA ADN VPH | C4: Proporción de mujeres entre 30 y 65 años tamizadas para cáncer de cuello uterino con ADN-VPH, según esquema en el periodo evaluado. | D4: # Mujeres de 30 a 65 años tamizadas con ADN VPH. | E4: Total de mujeres entre 30 y 65 años afiliadas a la EAPB en el municipio | G4: 0.2 | H4: =F4*0.2 -> 0 | V4: =SUM(J4:U4) -> 0 | W4: =V4/H4 -> #DIV/0!
A5: DT cervix | B5: POSITIVIDAD ADN VPH | C5: Proporción de ADN VPH Positivo en el periodo evaluado | D5: Número de mujeres entre 30 y 65 años con resultado positivo para ADN-VPH durante el período de medición. | E5: Total de mujeres entre 30 y 65 años con resultado de ADN -VPH durante el periodo en revision | G5: 1 | H5: 1 | V5: =SUM(J5:U5) -> 0 | W5: =V5/V4 -> #DIV/0!
A6: DT cervix | B6: COBERTURA COLPOSCOPIA Y BIOPSIA | C6: Proporción de mujeres con citología anormal o citología de triage anormal a quienes se realizó colposcopia y biopsia | D6: Número de mujeres con resultado colposcopia y biopsia cervical, durante el período de medición. | E6: Total de mujeres con citología anormal o citología de triage anormal durante el mismo período de medición, requerían colposcopia y biopsia. | G6: 1 | H6: 1 | V6: =SUM(J6:U6) -> 0 | W6: =V6/V3 -> #DIV/0!
A7: DT mama | B7: COBERTURA EXAMEN CLINICO DE LA MAMA | C7: Proporción de mujeres entre 40 y 69 años tamizadas con examen clínico de la mama en el periodo evaluado | D7: Número de mujeres entre 40 y 69 años a quienes se les realizó examen clínico de la mama en el periodo evaluado. | E7: Total de mujeres entre 40 y 69 años afiliadas a la EAPB en el municipio | G7: 1 | H7: =F7*1 -> 0 | V7: =SUM(J7:U7) -> 0 | W7: =V7/H7 -> #DIV/0!
A8: DT mama | B8: COBERTURA MAMOGRAFIA | C8: Proporción de mujeres entre 50 y 69 años tamizadas para cáncer de mama con mamografía en el periodo evaluado. | D8: Número de mujeres entre 50 y 69 años a quienes se les realizó toma de mamografia. | E8: Total de mujeres entre 50 y 69 años afiliadas a la EAPB en el municipio | G8: 0.5 | H8: =F8*0.5 -> 0 | V8: =SUM(J8:U8) -> 0 | W8: =V8/H8 -> #DIV/0!
A9: DT mama | B9: POSITIVIDAD MAMOGRAFIA | C9: Proporción de mujeres entre 50 y 69 años tamizadas para cáncer de mama con reporte anormal de mamografía en el periodo evaluado. | D9: Número de mujeres entre 50 y 69 años con resultado de mamografia BI-RADS 4 o más | E9: Total de mujeres entre 50 y 69 años con toma de mamografia | G9: 1 | H9: 1 | V9: =SUM(J9:U9) -> 0 | W9: =V9/V8 -> #DIV/0!
A10: DT mama | B10: COBERTURA BIOPSIA DE MAMA | C10: Proporción de mujeres con resultados de Biopsia de mama. | D10: Número de mujeres con mamografía reportada como BI-RADS 4, o más quienes se les realizó biopsia, durante el período evaluado. | E10: Total de mujeres con mamografía clasificada como BI-RADS 4 o superior, que requerían biopsia diagnóstica, durante el mismo período de medición. | G10: 1 | H10: 1 | V10: =SUM(J10:U10) -> 0 | W10: =V10/V8 -> #DIV/0!
A11: DT Prostata | B11: COBERTURA TACTO RECTAL | C11: Proporción de hombres entre 50 y 75 años con tacto rectal | D11: Número de hombres entre 50 y 75 años a quienes se les realizó tacto rectal durante el período de medición | E11: Total de hombres entre 50 y 75 años afiliados a la EAPB en el municipio | G11: 0.2 | H11: =F11*0.2 -> 0 | V11: =SUM(J11:U11) -> 0 | W11: =V11/H11 -> #DIV/0!
A12: DT Prostata | B12: COBERTURA PSA | C12: Proporción de hombres entre 50 y 75 años tamizados con PSA | D12: Número de hombres entre 50 y 75 años a quienes se les realizó PSA durante el período de medición | E12: Total de hombres entre 50 y 75 años afiliados a la EAPB en el municipio | G12: 0.2 | H12: =F12*0.2 -> 0 | V12: =SUM(J12:U12) -> 0 | W12: =V12/H12 -> #DIV/0!
A13: DT Prostata | B13: COBERTURA (PSA Y TACTO RECTAL) | C13: Proporción de hombres mayores de 50 años con tamizaje combinado para cáncer de próstata (PSA y Tacto Rectal) | D13: Número de hombres entre 50 y 75 años a quienes se les realizó tamizaje combinado (PSA y tacto rectal) durante el período de medición | E13: Total de hombres entre 50 y 75 años afiliados a la EAPB en el municipio | G13: 0.2 | H13: =F13*0.2 -> 0 | V13: =SUM(J13:U13) -> 0 | W13: =V13/H13 -> #DIV/0!
A14: DT Prostata | B14: POSITIVIDAD CANCER DE PROSTATA | C14: Proporción de hombres mayores de 50 años con tamizacion de cancer de prostata resultado anormal | D14: Numero de hombres con resultado anormal de tamizacion para cancer de prostata en el periodo evaluado. | E14: Total de hombres con alguna prueba de tamizacion para cáncer de prostata | G14: 1 | H14: 1 | V14: =SUM(J14:U14) -> 0 | W14: =V14/V13 -> #DIV/0!
A15: DT Prostata | B15: COBERTURA BIOPSIA DE PROSTATA | C15: Proporción de hombres con pruebas de tamizaje anormal a quienes se les realizó biopsia de próstata | D15: Número de hombres con resultado anormal en pruebas de tamizaje para cáncer de próstata (PSA o tacto rectal) a quienes se les realizó biopsia de próstata durante el período de medición | E15: Total de hombres con resultado anormal en pruebas de tamizaje para cáncer de próstata durante el mismo período de medición, que según criterio clínico requerían biopsia prostática | G15: 1 | H15: 1 | V15: =SUM(J15:U15) -> 0 | W15: =V15/V14 -> #DIV/0!
A16: DT Colon y Recto | B16: COBERTURA TAMIZACION SANGRE OCULTA EN HECES | C16: Proporción de personas entre 50 y 75 años tamizadas para cáncer de colon y recto (sangre oculta en materia fecal con inmunoquímica) | D16: Número de personas entre 50 y 75 años a quienes se les realizó prueba de sangre oculta en materia fecal por método inmunoquímico. | E16: Total de personas entre 50 y 75 años en el municipio | G16: 0.5 | H16: =F16*0.5 -> 0 | V16: =SUM(J16:U16) -> 0 | W16: =V16/H16 -> #DIV/0!
A17: DT Colon y Recto | B17: POSITIVIDAD SANGRE OCULTA EN HECES | C17: Proporción de personas con pruebas anormal de sangre oculta en heces. | D17: Total de personas entre 50 y 75 años con tamizaje resultado positivo de sangre oculta. | E17: Total de personas entre 50 y 75 años con tamizaje de sangre oculta en heces | G17: 1 | H17: 1 | V17: =SUM(J17:U17) -> 0 | W17: =V17/V16 -> #DIV/0!
A18: DT Colon y Recto | B18: COBERTURA COLONOSCOPIA | C18: Proporción de personas mayores de 50 años con test de sangre oculta en materia fecal positivos a los que se les realizó colonoscopia | D18: Número de personas de 50 años o más con resultado positivo en la prueba de sangre oculta en materia fecal a quienes se les realizó colonoscopia diagnóstica posterior al resultado positivo, durante el período de medición | E18: Total de personas de 50 años o más con resultado positivo en la prueba de sangre oculta en materia fecal durante el mismo período de medición, que requerían colonoscopia diagnóstica según el lineamiento técnico | G18: 1 | H18: 1 | V18: =SUM(J18:U18) -> 0 | W18: =V18/V17 -> #DIV/0!

Sheet TABLERO INDICADORES 
A3: PROGRAMA | B3: INDICADOR | C3: EPS | D3: POBLACION CORTE 31/12/2025 | E3: ESTIMACION | F3: META AÑO 2026 | G3: ENERO | H3: FEBRERO | I3: MARZO | J3: ABRIL | K3: MAYO | L3: JUNIO | M3: JULIO | N3: AGOSTO | O3: SEPTIEMBRE | P3: OCTUBRE | Q3: NOVIEMBRE | R3: DICIEMBRE | S3: ACUMULADO ACTIVIDADES | T3: % EJECUCION | U3: PARA GRAFICAR
A4: DT cervix | B4: COBERTURA CCU | C4: NUEVA EPS | D4: 3208 | E4: 0.33 | F4: 1058.64 | G4: 83 | H4: 79 | I4: 70 | J4: 87 | S4: =SUM(G4:R4) -> 319 | T4: =S4/F4 -> 0.30133001 | U4: =T4 -> 0.30133001
A5: DT cervix | B5: POSITIVIDAD CCU | C5: NUEVA EPS | D5: 3208 | E5: 0.1 | F5: =D5*E5 -> 320.8 | G5: 3 | H5: 6 | I5: 3 | J5: 11 | S5: =SUM(G5:R5) -> 23 | T5: =S5/S4 -> 0.072100313 | U5: =T5 -> 0.072100313
A6: DT cervix | B6: COBERTURA ADN VPH | C6: NUEVA EPS | D6: 18802 | E6: 0.2 | F6: 3760.4 | G6: 23 | H6: 22 | I6: 61 | J6: 56 | S6: =SUM(G6:R6) -> 162 | T6: =S6/F6 -> 0.043080523 | U6: =T6 -> 0.043080523
A7: DT cervix | B7: POSITIVIDAD ADN VPH | C7: NUEVA EPS | D7: 18802 | E7: 0.15 | F7: =F6*E7 -> 564.06 | G7: 7 | H7: 10 | I7: 12 | J7: 13 | S7: =SUM(G7:R7) -> 42 | T7: =S7/S6 -> 0.25925926 | U7: =T7 -> 0.25925926
A8: DT cervix | B8: COBERTURA COLPOSCOPIA Y BIOPSIA | C8: NUEVA EPS | D8: 3208 | E8: 0.5 | F8: 1 | G8: 1 | H8: 4 | I8: 4 | J8: 8 | S8: =SUM(G8:R8) -> 17 | T8: =S8/S5 -> 0.73913043 | U8: =T8 -> 0.73913043
A9: DT mama | B9: COBERTURA EXAMEN CLINICO DE LA MAMA | C9: NUEVA EPS | D9: 14827 | E9: 1 | F9: 14827 | G9: 451 | H9: 506 | I9: 661 | J9: 499 | S9: =SUM(G9:R9) -> 2117 | T9: =S9/F9 -> 0.14278006 | U9: =T9 -> 0.14278006
A10: DT mama | B10: COBERTURA MAMOGRAFIA | C10: NUEVA EPS | D10: 9972 | E10: 0.5 | F10: 4986 | G10: 239 | H10: 308 | I10: 285 | J10: 265 | S10: =SUM(G10:R10) -> 1097 | T10: =S10/F10 -> 0.22001604 | U10: =T10 -> 0.22001604
A11: DT mama | B11: POSITIVIDAD MAMOGRAFIA | C11: NUEVA EPS | D11: 9972 | E11: 0.01 | F11: =F10*E11 -> 49.86 | G11: 0 | H11: 1 | I11: 0 | J11: 0 | S11: =SUM(G11:R11) -> 1 | T11: =S11/S10 -> 0.00091157703 | U11: =T11 -> 0.00091157703
A12: DT mama | B12: COBERTURA BIOPSIA DE MAMA | C12: NUEVA EPS | D12: 9972 | E12: 0.01 | F12: 49.86 | G12: 0 | H12: 1 | I12: 0 | J12: 0 | S12: =SUM(G12:R12) -> 1 | T12: =S12/S11 -> 1 | U12: =T12 -> 1
A13: DT Prostata | B13: COBERTURA TACTO RECTAL | C13: NUEVA EPS | D13: 9593 | E13: 0.2 | F13: 1918.6 | G13: 394 | H13: 396 | I13: 368 | J13: 231 | S13: =SUM(G13:R13) -> 1389 | T13: =S13/F13 -> 0.72396539 | U13: =T13 -> 0.72396539
A14: DT Prostata | B14: COBERTURA PSA | C14: NUEVA EPS | D14: 9593 | E14: 0.2 | F14: 1918.6 | G14: 267 | H14: 509 | I14: 453 | J14: 470 | S14: =SUM(G14:R14) -> 1699 | T14: =S14/F14 -> 0.88554154 | U14: =T14 -> 0.88554154
A15: DT Prostata | B15: COBERTURA (PSA Y TACTO RECTAL) | C15: NUEVA EPS | D15: 9593 | E15: 0.2 | F15: 1918.6 | G15: 116 | H15: 116 | I15: 116 | J15: 119 | S15: =SUM(G15:R15) -> 467 | T15: =S15/F15 -> 0.24340665 | U15: =T15 -> 0.24340665
A16: DT Prostata | B16: POSITIVIDAD CANCER DE PROSTATA | C16: NUEVA EPS | D16: 9593 | E16: 0.1 | F16: =E16*D16 -> 959.3 | G16: 33 | H16: 63 | I16: 37 | J16: 62 | S16: =SUM(G16:R16) -> 195 | T16: =S16/S14 -> 0.1147734 | U16: =T16 -> 0.1147734
A17: DT Prostata | B17: COBERTURA BIOPSIA DE PROSTATA | C17: NUEVA EPS | D17: 9593 | E17: 0.1 | F17: =E17*D17 -> 959.3 | G17: 0 | H17: 0 | I17: 0 | J17: 0 | S17: =SUM(G17:R17) -> 0 | T17: =S17/S16 -> 0 | U17: =T17 -> 0
A18: DT Colon y Recto | B18: COBERTURA TAMIZACION SANGRE OCULTA EN HECES | C18: NUEVA EPS | D18: 21667 | E18: 0.5 | F18: 10833.5 | G18: 389 | H18: 624 | I18: 883 | J18: 592 | S18: =SUM(G18:R18) -> 2488 | T18: =S18/F18 -> 0.22965801 | U18: =T18 -> 0.22965801
A19: DT Colon y Recto | B19: POSITIVIDAD SANGRE OCULTA EN HECES | C19: NUEVA EPS | D19: 21667 | E19: 0.1 | F19: =F18*E19 -> 1083.35 | G19: 14 | H19: 34 | I19: 37 | J19: 30 | S19: =SUM(G19:R19) -> 115 | T19: =S19/S18 -> 0.046221865 | U19: =T19 -> 0.046221865
A20: DT Colon y Recto | B20: COBERTURA COLONOSCOPIA | C20: NUEVA EPS | D20: 21667 | E20: 0.1 | F20: 1083.35 | G20: 0 | H20: 0 | I20: 0 | J20: 0 | S20: =SUM(G20:R20) -> 0 | T20: =S20/S19 -> 0 | U20: =T20 -> 0
B21: Total general | C21: NUEVA EPS | U21: =T21 -> 0
A22: DT cervix | B22: COBERTURA CCU | C22: SANITAS | D22: 1280 | E22: 0.33 | F22: 422.4 | G22: 142 | H22: 138 | I22: 175 | S22: =SUM(G22:R22) -> 455 | T22: =S22/F22 -> 1.077178 | U22: =T22 -> 1.077178
A23: DT cervix | B23: POSITIVIDAD CCU | C23: SANITAS | D23: 1280 | E23: 0.1 | F23: =D23*E23 -> 128 | G23: 0 | H23: 0 | I23: 3 | S23: =SUM(G23:R23) -> 3 | T23: =S23/S22 -> 0.0065934066 | U23: =T23 -> 0.0065934066
A24: DT cervix | B24: COBERTURA ADN VPH | C24: SANITAS | D24: 9805 | E24: 0.2 | F24: 1961 | G24: 5 | H24: 0 | I24: 1 | S24: =SUM(G24:R24) -> 6 | T24: =S24/F24 -> 0.0030596634 | U24: =T24 -> 0.0030596634
A25: DT cervix | B25: POSITIVIDAD ADN VPH | C25: SANITAS | D25: 9805 | E25: 0.15 | F25: =F24*E25 -> 294.15 | G25: 0 | H25: 0 | I25: 0 | S25: =SUM(G25:R25) -> 0 | T25: =S25/S24 -> 0 | U25: =T25 -> 0
A26: DT cervix | B26: COBERTURA COLPOSCOPIA Y BIOPSIA | C26: SANITAS | D26: 1280 | E26: 0.5 | F26: 1 | G26: 0 | H26: 0 | I26: 0 | S26: =SUM(G26:R26) -> 0 | T26: =S26/S23 -> 0 | U26: =T26 -> 0
A27: DT mama | B27: COBERTURA EXAMEN CLINICO DE LA MAMA | C27: SANITAS | D27: 7151 | E27: 1 | F27: 7151 | G27: 16 | H27: 11 | I27: 8 | S27: =SUM(G27:R27) -> 35 | T27: =S27/F27 -> 0.0048944204 | U27: =T27 -> 0.0048944204
A28: DT mama | B28: COBERTURA MAMOGRAFIA | C28: SANITAS | D28: 3910 | E28: 0.5 | F28: 1955 | G28: 74 | H28: 78 | I28: 128 | S28: =SUM(G28:R28) -> 280 | T28: =S28/F28 -> 0.14322251 | U28: =T28 -> 0.14322251
A29: DT mama | B29: POSITIVIDAD MAMOGRAFIA | C29: SANITAS | D29: 3910 | E29: 0.01 | F29: =F28*E29 -> 19.55 | G29: 0 | H29: 1 | I29: 0 | S29: =SUM(G29:R29) -> 1 | T29: =S29/S28 -> 0.0035714286 | U29: =T29 -> 0.0035714286
A30: DT mama | B30: COBERTURA BIOPSIA DE MAMA | C30: SANITAS | D30: 3910 | E30: 0.01 | F30: 19.55 | G30: 0 | H30: 0 | I30: 0 | S30: =SUM(G30:R30) -> 0 | T30: =S30/S29 -> 0 | U30: =T30 -> 0
A31: DT Prostata | B31: COBERTURA TACTO RECTAL | C31: SANITAS | D31: 4071 | E31: 0.2 | F31: 814.2 | G31: 97 | H31: 94 | S31: =SUM(G31:R31) -> 191 | T31: =S31/F31 -> 0.2345861 | U31: =T31 -> 0.2345861
A32: DT Prostata | B32: COBERTURA PSA | C32: SANITAS | D32: 4071 | E32: 0.2 | F32: 814.2 | G32: 96 | H32: 90 | S32: =SUM(G32:R32) -> 186 | T32: =S32/F32 -> 0.2284451 | U32: =T32 -> 0.2284451
A33: DT Prostata | B33: COBERTURA (PSA Y TACTO RECTAL) | C33: SANITAS | D33: 4071 | E33: 0.2 | F33: 814.2 | G33: 16 | H33: 18 | I33: 0 | S33: =SUM(G33:R33) -> 34 | T33: =S33/F33 -> 0.041758782 | U33: =T33 -> 0.041758782
A34: DT Prostata | B34: POSITIVIDAD CANCER DE PROSTATA | C34: SANITAS | D34: 4071 | E34: 0.1 | F34: =E34*D34 -> 407.1 | G34: 1 | H34: 4 | S34: =SUM(G34:R34) -> 5 | T34: =S34/S32 -> 0.02688172 | U34: =T34 -> 0.02688172
A35: DT Prostata | B35: COBERTURA BIOPSIA DE PROSTATA | C35: SANITAS | D35: 4071 | E35: 0.1 | F35: =E35*D35 -> 407.1 | G35: 0 | H35: 0 | I35: 0 | S35: =SUM(G35:R35) -> 0 | T35: =S35/S34 -> 0 | U35: =T35 -> 0
A36: DT Colon y Recto | B36: COBERTURA TAMIZACION SANGRE OCULTA EN HECES | C36: SANITAS | D36: 8571 | E36: 0.5 | F36: 4285.5 | G36: 140 | H36: 155 | S36: =SUM(G36:R36) -> 295 | T36: =S36/F36 -> 0.068836775 | U36: =T36 -> 0.068836775
A37: DT Colon y Recto | B37: POSITIVIDAD SANGRE OCULTA EN HECES | C37: SANITAS | D37: 8571 | E37: 0.1 | F37: =F36*E37 -> 428.55 | G37: 0 | H37: 0 | S37: =SUM(G37:R37) -> 0 | T37: =S37/S36 -> 0 | U37: =T37 -> 0
A38: DT Colon y Recto | B38: COBERTURA COLONOSCOPIA | C38: SANITAS | D38: 8571 | E38: 0.1 | F38: 428.55 | G38: 0 | H38: 0 | S38: =SUM(G38:R38) -> 0 | T38: =S38/S37 -> #DIV/0! | U38: =T38 -> #DIV/0!
B39: Total general | C39: SANITAS | U39: =T39 -> 0
A40: DT cervix | B40: COBERTURA CCU | C40: COOSALUD | D40: 432 | E40: 0.33 | F40: 142.56 | G40: 14 | H40: 9 | I40: 10 | S40: =SUM(G40:R40) -> 33 | T40: =S40/F40 -> 0.23148148 | U40: =T40 -> 0.23148148
A41: DT cervix | B41: POSITIVIDAD CCU | C41: COOSALUD | D41: 432 | E41: 0.1 | F41: =D41*E41 -> 43.2 | G41: 2 | H41: 2 | I41: 0 | S41: =SUM(G41:R41) -> 4 | T41: =S41/S40 -> 0.12121212 | U41: =T41 -> 0.12121212
A42: DT cervix | B42: COBERTURA ADN VPH | C42: COOSALUD | D42: 2598 | E42: 0.2 | F42: 519.6 | G42: 39 | H42: 7 | I42: 7 | S42: =SUM(G42:R42) -> 53 | T42: =S42/F42 -> 0.10200154 | U42: =T42 -> 0.10200154
A43: DT cervix | B43: POSITIVIDAD ADN VPH | C43: COOSALUD | D43: 2598 | E43: 0.15 | F43: =F42*E43 -> 77.94 | G43: 2 | H43: 0 | I43: 0 | S43: =SUM(G43:R43) -> 2 | T43: =S43/S42 -> 0.037735849 | U43: =T43 -> 0.037735849
A44: DT cervix | B44: COBERTURA COLPOSCOPIA Y BIOPSIA | C44: COOSALUD | D44: 432 | E44: 0.5 | F44: 1 | G44: 1 | H44: 0 | I44: 0 | S44: =SUM(G44:R44) -> 1 | T44: =S44/S41 -> 0.25 | U44: =T44 -> 0.25
A45: DT mama | B45: COBERTURA EXAMEN CLINICO DE LA MAMA | C45: COOSALUD | D45: 1922 | E45: 1 | F45: 1922 | G45: 24 | H45: 64 | I45: 30 | S45: =SUM(G45:R45) -> 118 | T45: =S45/F45 -> 0.061394381 | U45: =T45 -> 0.061394381
A46: DT mama | B46: COBERTURA MAMOGRAFIA | C46: COOSALUD | D46: 1075 | E46: 0.5 | F46: 537.5 | G46: 15 | H46: 8 | I46: 20 | S46: =SUM(G46:R46) -> 43 | T46: =S46/F46 -> 0.08 | U46: =T46 -> 0.08
A47: DT mama | B47: POSITIVIDAD MAMOGRAFIA | C47: COOSALUD | D47: 1075 | E47: 0.01 | F47: =F46*E47 -> 5.375 | G47: 0 | H47: 0 | I47: 0 | S47: =SUM(G47:R47) -> 0 | T47: =S47/S46 -> 0 | U47: =T47 -> 0
A48: DT mama | B48: COBERTURA BIOPSIA DE MAMA | C48: COOSALUD | D48: 1075 | E48: 0.01 | F48: 5.375 | G48: 0 | H48: 0 | I48: 0 | S48: =SUM(G48:R48) -> 0 | T48: =S48/S47 -> #DIV/0! | U48: =T48 -> #DIV/0!
A49: DT Prostata | B49: COBERTURA TACTO RECTAL | C49: COOSALUD | D49: 949 | E49: 0.2 | F49: 189.8 | G49: 22 | H49: 15 | I49: 8 | S49: =SUM(G49:R49) -> 45 | T49: =S49/F49 -> 0.23709168 | U49: =T49 -> 0.23709168
A50: DT Prostata | B50: COBERTURA PSA | C50: COOSALUD | D50: 949 | E50: 0.2 | F50: 189.8 | G50: 6 | H50: 10 | I50: 13 | S50: =SUM(G50:R50) -> 29 | T50: =S50/F50 -> 0.15279241 | U50: =T50 -> 0.15279241
A51: DT Prostata | B51: COBERTURA (PSA Y TACTO RECTAL) | C51: COOSALUD | D51: 949 | E51: 0.2 | F51: 189.8 | G51: 4 | H51: 1 | I51: 1 | S51: =SUM(G51:R51) -> 6 | T51: =S51/F51 -> 0.031612223 | U51: =T51 -> 0.031612223
A52: DT Prostata | B52: POSITIVIDAD CANCER DE PROSTATA | C52: COOSALUD | D52: 949 | E52: 0.1 | F52: =E52*D52 -> 94.9 | G52: 0 | H52: 0 | I52: 1 | S52: =SUM(G52:R52) -> 1 | T52: =S52/S50 -> 0.034482759 | U52: =T52 -> 0.034482759
A53: DT Prostata | B53: COBERTURA BIOPSIA DE PROSTATA | C53: COOSALUD | D53: 949 | E53: 0.1 | F53: =E53*D53 -> 94.9 | G53: 0 | H53: 0 | I53: 0 | S53: =SUM(G53:R53) -> 0 | T53: =S53/S52 -> 0 | U53: =T53 -> 0
A54: DT Colon y Recto | B54: COBERTURA TAMIZACION SANGRE OCULTA EN HECES | C54: COOSALUD | D54: 2175 | E54: 0.5 | F54: 1087.5 | G54: 16 | H54: 11 | I54: 10 | S54: =SUM(G54:R54) -> 37 | T54: =S54/F54 -> 0.034022989 | U54: =T54 -> 0.034022989
A55: DT Colon y Recto | B55: POSITIVIDAD SANGRE OCULTA EN HECES | C55: COOSALUD | D55: 2175 | E55: 0.1 | F55: =F54*E55 -> 108.75 | G55: 0 | H55: 2 | I55: 1 | S55: =SUM(G55:R55) -> 3 | T55: =S55/S54 -> 0.081081081 | U55: =T55 -> 0.081081081
A56: DT Colon y Recto | B56: COBERTURA COLONOSCOPIA | C56: COOSALUD | D56: 2175 | E56: 0.1 | F56: 108.75 | G56: 0 | H56: 2 | I56: 1 | S56: =SUM(G56:R56) -> 3 | T56: =S56/S55 -> 1 | U56: =T56 -> 1
B57: Total general | C57: COOSALUD | U57: =T57 -> 0
A58: DT cervix | B58: COBERTURA CCU | C58: SALUD TOTAL | D58: 274 | E58: 0.33 | F58: 90.42 | G58: 93 | H58: 34 | I58: 39 | J58: 6 | S58: =SUM(G58:R58) -> 172 | T58: =S58/F58 -> 1.902234 | U58: =T58 -> 1.902234
A59: DT cervix | B59: POSITIVIDAD CCU | C59: SALUD TOTAL | D59: 274 | E59: 0.1 | F59: =D59*E59 -> 27.4 | G59: 0 | H59: 0 | I59: 0 | J59: 0 | S59: =SUM(G59:R59) -> 0 | T59: =S59/S58 -> 0 | U59: =T59 -> 0
A60: DT cervix | B60: COBERTURA ADN VPH | C60: SALUD TOTAL | D60: 2238 | E60: 0.2 | F60: 447.6 | G60: 36 | H60: 10 | I60: 28 | J60: 13 | S60: =SUM(G60:R60) -> 87 | T60: =S60/F60 -> 0.19436997 | U60: =T60 -> 0.19436997
A61: DT cervix | B61: POSITIVIDAD ADN VPH | C61: SALUD TOTAL | D61: 2238 | E61: 0.15 | F61: =F60*E61 -> 67.14 | G61: 0 | H61: 1 | I61: 1 | J61: 0 | S61: =SUM(G61:R61) -> 2 | T61: =S61/S60 -> 0.022988506 | U61: =T61 -> 0.022988506
A62: DT cervix | B62: COBERTURA COLPOSCOPIA Y BIOPSIA | C62: SALUD TOTAL | D62: 274 | E62: 0.5 | F62: 1 | G62: 0 | H62: 1 | I62: 1 | J62: 0 | S62: =SUM(G62:R62) -> 2 | T62: =S62/S59 -> #DIV/0! | U62: =T62 -> #DIV/0!
A63: DT mama | B63: COBERTURA EXAMEN CLINICO DE LA MAMA | C63: SALUD TOTAL | D63: 1778 | E63: 1 | F63: 1778 | G63: 46 | H63: 32 | I63: 46 | J63: 52 | S63: =SUM(G63:R63) -> 176 | T63: =S63/F63 -> 0.098987627 | U63: =T63 -> 0.098987627
A64: DT mama | B64: COBERTURA MAMOGRAFIA | C64: SALUD TOTAL | D64: 1053 | E64: 0.5 | F64: 526.5 | G64: 37 | H64: 24 | I64: 89 | J64: 42 | S64: =SUM(G64:R64) -> 192 | T64: =S64/F64 -> 0.36467236 | U64: =T64 -> 0.36467236
A65: DT mama | B65: POSITIVIDAD MAMOGRAFIA | C65: SALUD TOTAL | D65: 1053 | E65: 0.01 | F65: =F64*E65 -> 5.265 | G65: 1 | H65: 0 | I65: 0 | J65: 0 | S65: =SUM(G65:R65) -> 1 | T65: =S65/S64 -> 0.0052083333 | U65: =T65 -> 0.0052083333
A66: DT mama | B66: COBERTURA BIOPSIA DE MAMA | C66: SALUD TOTAL | D66: 1053 | E66: 0.01 | F66: 5.265 | G66: 1 | H66: 0 | I66: 0 | J66: 0 | S66: =SUM(G66:R66) -> 1 | T66: =S66/S65 -> 1 | U66: =T66 -> 1
A67: DT Prostata | B67: COBERTURA TACTO RECTAL | C67: SALUD TOTAL | D67: 1061 | E67: 0.2 | F67: 212.2 | G67: 16 | H67: 33 | I67: 38 | J67: 52 | S67: =SUM(G67:R67) -> 139 | T67: =S67/F67 -> 0.65504241 | U67: =T67 -> 0.65504241
A68: DT Prostata | B68: COBERTURA PSA | C68: SALUD TOTAL | D68: 1061 | E68: 0.2 | F68: 212.2 | G68: 56 | H68: 89 | I68: 101 | J68: 40 | S68: =SUM(G68:R68) -> 286 | T68: =S68/F68 -> 1.3477851 | U68: =T68 -> 1.3477851
A69: DT Prostata | B69: COBERTURA (PSA Y TACTO RECTAL) | C69: SALUD TOTAL | D69: 1061 | E69: 0.2 | F69: 212.2 | G69: 72 | H69: 122 | I69: 139 | J69: 0 | S69: =SUM(G69:R69) -> 333 | T69: =S69/F69 -> 1.5692743 | U69: =T69 -> 1.5692743
A70: DT Prostata | B70: POSITIVIDAD CANCER DE PROSTATA | C70: SALUD TOTAL | D70: 1061 | E70: 0.1 | F70: =E70*D70 -> 106.1 | G70: 0 | H70: 0 | I70: 0 | J70: 0 | S70: =SUM(G70:R70) -> 0 | T70: =S70/S68 -> 0 | U70: =T70 -> 0
A71: DT Prostata | B71: COBERTURA BIOPSIA DE PROSTATA | C71: SALUD TOTAL | D71: 1061 | E71: 0.1 | F71: =E71*D71 -> 106.1 | G71: 0 | H71: 0 | I71: 0 | J71: 0 | S71: =SUM(G71:R71) -> 0 | T71: =S71/S70 -> #DIV/0! | U71: =T71 -> #DIV/0!
A72: DT Colon y Recto | B72: COBERTURA TAMIZACION SANGRE OCULTA EN HECES | C72: SALUD TOTAL | D72: 2291 | E72: 0.5 | F72: 1145.5 | G72: 44 | H72: 145 | I72: 135 | J72: 61 | S72: =SUM(G72:R72) -> 385 | T72: =S72/F72 -> 0.33609777 | U72: =T72 -> 0.33609777
A73: DT Colon y Recto | B73: POSITIVIDAD SANGRE OCULTA EN HECES | C73: SALUD TOTAL | D73: 2291 | E73: 0.1 | F73: =F72*E73 -> 114.55 | G73: 0 | H73: 0 | I73: 0 | J73: 0 | S73: =SUM(G73:R73) -> 0 | T73: =S73/S72 -> 0 | U73: =T73 -> 0
A74: DT Colon y Recto | B74: COBERTURA COLONOSCOPIA | C74: SALUD TOTAL | D74: 2291 | E74: 0.1 | F74: 114.55 | G74: 0 | H74: 0 | I74: 0 | J74: 0 | S74: =SUM(G74:R74) -> 0 | T74: =S74/S73 -> #DIV/0! | U74: =T74 -> #DIV/0!
B75: Total general | C75: SALUD TOTAL | U75: =T75 -> 0
A76: DT cervix | B76: COBERTURA CCU | C76: FAMISANAR | D76: 452 | E76: 0.33 | F76: 149.16 | G76: 4 | H76: 9 | I76: 38 | J76: 22 | S76: =SUM(G76:R76) -> 73 | T76: =S76/F76 -> 0.48940735 | U76: =T76 -> 0.48940735
A77: DT cervix | B77: POSITIVIDAD CCU | C77: FAMISANAR | D77: 452 | E77: 0.1 | F77: =D77*E77 -> 45.2 | G77: 2 | H77: 2 | I77: 0 | J77: 1 | S77: =SUM(G77:R77) -> 5 | T77: =S77/S76 -> 0.068493151 | U77: =T77 -> 0.068493151
A78: DT cervix | B78: COBERTURA ADN VPH | C78: FAMISANAR | D78: 3070 | E78: 0.2 | F78: 614 | G78: 2 | H78: 55 | I78: 75 | J78: 50 | S78: =SUM(G78:R78) -> 182 | T78: =S78/F78 -> 0.29641694 | U78: =T78 -> 0.29641694
A79: DT cervix | B79: POSITIVIDAD ADN VPH | C79: FAMISANAR | D79: 3070 | E79: 0.15 | F79: =F78+E79 -> 614.15 | G79: 0 | H79: 6 | I79: 3 | J79: 0 | S79: =SUM(G79:R79) -> 9 | T79: =S79/S78 -> 0.049450549 | U79: =T79 -> 0.049450549
A80: DT cervix | B80: COBERTURA COLPOSCOPIA Y BIOPSIA | C80: FAMISANAR | D80: 452 | E80: 0.5 | F80: 1 | G80: 3 | H80: 0 | I80: 0 | J80: 0 | S80: =SUM(G80:R80) -> 3 | T80: =S80/S77 -> 0.6 | U80: =T80 -> 0.6
A81: DT mama | B81: COBERTURA EXAMEN CLINICO DE LA MAMA | C81: FAMISANAR | D81: 2331 | E81: 1 | F81: 2331 | G81: 329 | H81: 441 | I81: 169 | J81: 170 | S81: =SUM(G81:R81) -> 1109 | T81: =S81/F81 -> 0.47576148 | U81: =T81 -> 0.47576148
A82: DT mama | B82: COBERTURA MAMOGRAFIA | C82: FAMISANAR | D82: 1332 | E82: 0.5 | F82: 666 | G82: 53 | H82: 93 | I82: 27 | J82: 2 | S82: =SUM(G82:R82) -> 175 | T82: =S82/F82 -> 0.26276276 | U82: =T82 -> 0.26276276
A83: DT mama | B83: POSITIVIDAD MAMOGRAFIA | C83: FAMISANAR | D83: 1332 | E83: 0.01 | F83: =F82*E83 -> 6.66 | G83: 0 | H83: 0 | I83: 0 | J83: 0 | S83: =SUM(G83:R83) -> 0 | T83: =S83/S82 -> 0 | U83: =T83 -> 0
A84: DT mama | B84: COBERTURA BIOPSIA DE MAMA | C84: FAMISANAR | D84: 1332 | E84: 0.01 | F84: 6.66 | G84: 0 | H84: 0 | I84: 0 | J84: 0 | S84: =SUM(G84:R84) -> 0 | T84: =S84/S83 -> #DIV/0! | U84: =T84 -> #DIV/0!
A85: DT Prostata | B85: COBERTURA TACTO RECTAL | C85: FAMISANAR | D85: 1452 | E85: 0.2 | F85: 290.4 | G85: 45 | H85: 48 | I85: 113 | J85: 136 | S85: =SUM(G85:R85) -> 342 | T85: =S85/F85 -> 1.177686 | U85: =T85 -> 1.177686
A86: DT Prostata | B86: COBERTURA PSA | C86: FAMISANAR | D86: 1452 | E86: 0.2 | F86: 290.4 | G86: 27 | H86: 39 | I86: 35 | J86: 46 | S86: =SUM(G86:R86) -> 147 | T86: =S86/F86 -> 0.50619835 | U86: =T86 -> 0.50619835
A87: DT Prostata | B87: COBERTURA (PSA Y TACTO RECTAL) | C87: FAMISANAR | D87: 1452 | E87: 0.2 | F87: 290.4 | G87: 4 | H87: 6 | I87: 0 | S87: =SUM(G87:R87) -> 10 | T87: =S87/F87 -> 0.034435262 | U87: =T87 -> 0.034435262
A88: DT Prostata | B88: POSITIVIDAD CANCER DE PROSTATA | C88: FAMISANAR | D88: 1452 | E88: 0.1 | F88: =E88*D88 -> 145.2 | G88: 0 | H88: 3 | I88: 6 | J88: 4 | S88: =SUM(G88:R88) -> 13 | T88: =S88/S86 -> 0.088435374 | U88: =T88 -> 0.088435374
A89: DT Prostata | B89: COBERTURA BIOPSIA DE PROSTATA | C89: FAMISANAR | D89: 1452 | E89: 0.1 | F89: =E89*D89 -> 145.2 | G89: 0 | H89: 0 | I89: 0 | J89: 0 | S89: =SUM(G89:R89) -> 0 | T89: =S89/S88 -> 0 | U89: =T89 -> 0
A90: DT Colon y Recto | B90: COBERTURA TAMIZACION SANGRE OCULTA EN HECES | C90: FAMISANAR | D90: 3010 | E90: 0.5 | F90: 1505 | G90: 64 | H90: 91 | I90: 3 | J90: 34 | S90: =SUM(G90:R90) -> 192 | T90: =S90/F90 -> 0.12757475 | U90: =T90 -> 0.12757475
A91: DT Colon y Recto | B91: POSITIVIDAD SANGRE OCULTA EN HECES | C91: FAMISANAR | D91: 3010 | E91: 0.1 | F91: =F90*E91 -> 150.5 | G91: 1 | H91: 7 | I91: 0 | J91: 8 | S91: =SUM(G91:R91) -> 16 | T91: =S91/S90 -> 0.083333333 | U91: =T91 -> 0.083333333
A92: DT Colon y Recto | B92: COBERTURA COLONOSCOPIA | C92: FAMISANAR | D92: 3010 | E92: 0.1 | F92: 150.5 | G92: 0 | H92: 0 | I92: 0 | J92: 0 | S92: =SUM(G92:R92) -> 0 | T92: =S92/S91 -> 0 | U92: =T92 -> 0
B93: Total general | C93: FAMISANAR | U93: =T93 -> 0
A94: DT cervix | B94: COBERTURA CCU | C94: PROTEGER | D94: 41 | E94: 0.33 | F94: 13.53 | G94: 2 | H94: 6 | I94: 8 | J94: 6 | S94: =SUM(G94:R94) -> 22 | T94: =S94/F94 -> 1.6260163 | U94: =T94 -> 1.6260163
A95: DT cervix | B95: POSITIVIDAD CCU | C95: PROTEGER | D95: 41 | E95: 0.1 | F95: =D95*E95 -> 4.1 | G95: 0 | H95: 0 | I95: 0 | J95: 0 | S95: =SUM(G95:R95) -> 0 | T95: =S95/S94 -> 0 | U95: =T95 -> 0
A96: DT cervix | B96: COBERTURA ADN VPH | C96: PROTEGER | D96: 294 | E96: 0.2 | F96: 58.8 | G96: 0 | H96: 2 | I96: 3 | J96: 0 | S96: =SUM(G96:R96) -> 5 | T96: =S96/F96 -> 0.085034014 | U96: =T96 -> 0.085034014
A97: DT cervix | B97: POSITIVIDAD ADN VPH | C97: PROTEGER | D97: 294 | E97: 0.15 | F97: =F96*E97 -> 8.82 | G97: 0 | H97: 0 | I97: 0 | J97: 0 | S97: =SUM(G97:R97) -> 0 | T97: =S97/S96 -> 0 | U97: =T97 -> 0
A98: DT cervix | B98: COBERTURA COLPOSCOPIA Y BIOPSIA | C98: PROTEGER | D98: 41 | E98: 0.5 | F98: 1 | G98: 0 | H98: 0 | I98: 0 | J98: 0 | S98: =SUM(G98:R98) -> 0 | T98: =S98/S95 -> #DIV/0! | U98: =T98 -> #DIV/0!
A99: DT mama | B99: COBERTURA EXAMEN CLINICO DE LA MAMA | C99: PROTEGER | D99: 206 | E99: 1 | F99: 206 | G99: 1 | H99: 5 | I99: 4 | J99: 6 | S99: =SUM(G99:R99) -> 16 | T99: =S99/F99 -> 0.077669903 | U99: =T99 -> 0.077669903
A100: DT mama | B100: COBERTURA MAMOGRAFIA | C100: PROTEGER | D100: 96 | E100: 0.5 | F100: 48 | G100: 7 | H100: 6 | I100: 5 | J100: 0 | S100: =SUM(G100:R100) -> 18 | T100: =S100/F100 -> 0.375 | U100: =T100 -> 0.375
A101: DT mama | B101: POSITIVIDAD MAMOGRAFIA | C101: PROTEGER | D101: 96 | E101: 0.01 | F101: =F100*E101 -> 0.48 | G101: 0 | H101: 1 | I101: 0 | J101: 0 | S101: =SUM(G101:R101) -> 1 | T101: =S101/S100 -> 0.055555556 | U101: =T101 -> 0.055555556
A102: DT mama | B102: COBERTURA BIOPSIA DE MAMA | C102: PROTEGER | D102: 96 | E102: 0.01 | F102: 0.48 | G102: 0 | H102: 0 | I102: 1 | J102: 0 | S102: =SUM(G102:R102) -> 1 | T102: =S102/S101 -> 1 | U102: =T102 -> 1
...

Sheet CCU - Mamografia
A1: Citologia cervico uterina en mujeres entre 25 a 29 años
A2: EPS | B2: Enero | C2: Febrero | D2: Marzo
A3: Nueva EPS | B3: 77 | C3: 70
A4: Sanitas | B4: 142 | C4: 138 | D4: 175
A5: Coosalud | B5: 14 | C5: 9 | D5: 10
A6: Famisanar | B6: 4 | C6: 9
A7: Salud Total | B7: 93 | C7: 34 | D7: 39
A8: Proteger | B8: 2 | C8: 6 | D8: 8
A11: Mamografía mujeres entre 50 y 69 años
A12: EPS | B12: Enero | C12: Febrero | D12: Marzo
A13: Nueva EPS | B13: 235 | C13: 304
A14: Sanitas | B14: 74 | C14: 78 | D14: 128
A15: Coosalud | B15: 15 | C15: 8 | D15: 20
A16: Famisanar | B16: 53 | C16: 93 | D16: 24 preliminar
A17: Salud Total | B17: 37 | C17: 24 | D17: 89
A18: Proteger | B18: 7 | C18: 6 | D18: 5
